<?xml version = '1.0' encoding = 'UTF-8'?>
<FKIndexAssociation class="oracle.dbtools.crest.model.design.relational.FKIndexAssociation" directorySegmentName="seg_0" id="1113DB8B-FC3F-92F6-7FC6-AF3D3532BD85" containerWithKeyObject="1B6AD9C3-7330-163B-CC0D-695A1D4B8322" localFKIndex="7F10C78E-61F7-A801-2B57-1522D2499BC2" name="TRAILER_COMBO">
<createdBy>Luigi</createdBy>
<createdTime>2022-09-15 03:10:24 UTC</createdTime>
<generatorID>9AE5EB07-0493-54B4-C20B-CC4E9AB7827C</generatorID>
<ownerDesignName>monh_oraclemodel</ownerDesignName>
<referredTableLongName>TRAILER</referredTableLongName>
<deleteRule>NO ACTION</deleteRule>
<referredTableID>189CC5B9-F116-BC33-23E0-FA099D02C2E9</referredTableID>
<keyObject>A14A8FEC-67D1-87D6-A008-F5848586E671</keyObject>
<referredKeyID>A14A8FEC-67D1-87D6-A008-F5848586E671</referredKeyID>
<mandatory>true</mandatory>
<refColNames>trailer_code</refColNames>
<transferable>true</transferable>
<rely>false</rely>
<columnDependencyConstraintGenerateInDDL>true</columnDependencyConstraintGenerateInDDL>
</FKIndexAssociation>
