<?xml version = '1.0' encoding = 'UTF-8'?>
<FKIndexAssociation class="oracle.dbtools.crest.model.design.relational.FKIndexAssociation" directorySegmentName="seg_0" id="14A93F0C-85EC-F386-CED1-3FD367A74DE9" containerWithKeyObject="B25C2266-D180-F6DC-0E5D-6C01EAE161A0" localFKIndex="A00473F3-9BBE-FB26-3DA8-F611C59E35F0" name="TRUCKCLASS_TRUCKTYPE">
<createdBy>Luigi</createdBy>
<createdTime>2022-09-14 07:03:30 UTC</createdTime>
<generatorID>FF8116E0-031C-E5CB-F481-E885557B977D</generatorID>
<ownerDesignName>monh_oraclemodel</ownerDesignName>
<referredTableLongName>TRUCKCLASS</referredTableLongName>
<deleteRule>NO ACTION</deleteRule>
<referredTableID>FBDEA0A6-A63E-64A4-D377-FBE1FDBD999B</referredTableID>
<keyObject>7CE97ECF-B803-534B-560A-60130ECB8D41</keyObject>
<referredKeyID>7CE97ECF-B803-534B-560A-60130ECB8D41</referredKeyID>
<mandatory>true</mandatory>
<refColNames>trckclass_id</refColNames>
<transferable>true</transferable>
<rely>false</rely>
<columnDependencyConstraintGenerateInDDL>true</columnDependencyConstraintGenerateInDDL>
</FKIndexAssociation>
