<?xml version = '1.0' encoding = 'UTF-8'?>
<FKIndexAssociation class="oracle.dbtools.crest.model.design.relational.FKIndexAssociation" directorySegmentName="seg_0" id="1E2DE4A7-6FCF-54CA-B9FA-2C66BD28A6C7" containerWithKeyObject="EA1B3FC6-EA71-E758-EB37-E909A86B739F" localFKIndex="9865B236-634B-9C25-15F9-774ABD3F5C4E" name="EMPLOYEE_QUOTE">
<createdBy>Luigi</createdBy>
<createdTime>2022-09-15 03:10:24 UTC</createdTime>
<generatorID>76FC8D37-DC63-AC7D-77BB-A145F0829E78</generatorID>
<ownerDesignName>monh_oraclemodel</ownerDesignName>
<referredTableLongName>EMPLOYEE</referredTableLongName>
<deleteRule>NO ACTION</deleteRule>
<referredTableID>D77A53C1-D367-E3C7-A909-D5647662E666</referredTableID>
<keyObject>F7437B46-659E-5ADB-EF66-34ABA91C07AC</keyObject>
<referredKeyID>F7437B46-659E-5ADB-EF66-34ABA91C07AC</referredKeyID>
<mandatory>true</mandatory>
<refColNames>emp_no</refColNames>
<transferable>true</transferable>
<rely>false</rely>
<columnDependencyConstraintGenerateInDDL>true</columnDependencyConstraintGenerateInDDL>
</FKIndexAssociation>
