<?xml version = '1.0' encoding = 'UTF-8'?>
<FKIndexAssociation class="oracle.dbtools.crest.model.design.relational.FKIndexAssociation" directorySegmentName="seg_0" id="25E5261A-A88D-2BA3-6D75-3E1C3C47577B" containerWithKeyObject="1B4E6CB1-4B9F-A298-7BFE-2A40F8E87320" localFKIndex="56B86A44-D3BB-2C8D-84E7-6B6AABB72BCC" name="TRUCK_COMBO">
<createdBy>Luigi</createdBy>
<createdTime>2022-09-14 07:03:30 UTC</createdTime>
<generatorID>5EAEE662-B6E2-0954-FC1F-85A7EE023AD8</generatorID>
<ownerDesignName>monh_oraclemodel</ownerDesignName>
<referredTableLongName>TRUCK</referredTableLongName>
<deleteRule>NO ACTION</deleteRule>
<referredTableID>A5347C03-2338-151A-DF31-96BB6C7606C5</referredTableID>
<keyObject>F28FA220-1BEC-825C-9938-E3896F520992</keyObject>
<referredKeyID>F28FA220-1BEC-825C-9938-E3896F520992</referredKeyID>
<mandatory>true</mandatory>
<refColNames>truck_vin</refColNames>
<transferable>true</transferable>
<rely>false</rely>
<columnDependencyConstraintGenerateInDDL>true</columnDependencyConstraintGenerateInDDL>
</FKIndexAssociation>
