<?xml version = '1.0' encoding = 'UTF-8'?>
<FKIndexAssociation class="oracle.dbtools.crest.model.design.relational.FKIndexAssociation" directorySegmentName="seg_0" id="414789E7-FFD4-83CD-464B-2637ED969321" containerWithKeyObject="C6CB23C9-4224-A968-FA34-B4E352AC8B7C" localFKIndex="9E61A38F-8220-1ACF-2C9A-F75DFE1E46CC" name="CLERK_JOB">
<createdBy>Luigi</createdBy>
<createdTime>2022-09-15 03:10:24 UTC</createdTime>
<generatorID>C10B8F3C-C52E-93FA-851F-70EE57A7F5F2</generatorID>
<ownerDesignName>monh_oraclemodel</ownerDesignName>
<referredTableLongName>EMPLOYEE</referredTableLongName>
<deleteRule>NO ACTION</deleteRule>
<referredTableID>D77A53C1-D367-E3C7-A909-D5647662E666</referredTableID>
<keyObject>F7437B46-659E-5ADB-EF66-34ABA91C07AC</keyObject>
<referredKeyID>F7437B46-659E-5ADB-EF66-34ABA91C07AC</referredKeyID>
<mandatory>true</mandatory>
<refColNames>emp_no</refColNames>
<transferable>true</transferable>
<rely>false</rely>
<columnDependencyConstraintGenerateInDDL>true</columnDependencyConstraintGenerateInDDL>
</FKIndexAssociation>
