<?xml version = '1.0' encoding = 'UTF-8'?>
<FKIndexAssociation class="oracle.dbtools.crest.model.design.relational.FKIndexAssociation" directorySegmentName="seg_0" id="5F3CA7C6-4672-C5AA-48E8-9D1A25D0463F" containerWithKeyObject="DE9B55D1-63A9-2994-7C43-3FE6E5E952E1" localFKIndex="16DCA28C-F698-F929-3484-6BEF2D7BD40A" name="EMPLOYEE_EMPLOYEE">
<createdBy>Luigi</createdBy>
<createdTime>2022-09-14 07:03:30 UTC</createdTime>
<generatorID>24CE40AA-61AF-221B-9DEF-994350CC32CD</generatorID>
<ownerDesignName>monh_oraclemodel</ownerDesignName>
<referredTableLongName>EMPLOYEE</referredTableLongName>
<deleteRule>NO ACTION</deleteRule>
<referredTableID>DE9B55D1-63A9-2994-7C43-3FE6E5E952E1</referredTableID>
<keyObject>AFE5904B-3B1C-EB81-85E6-95F7B3015935</keyObject>
<referredKeyID>AFE5904B-3B1C-EB81-85E6-95F7B3015935</referredKeyID>
<mandatory>false</mandatory>
<refColNames>emp_no</refColNames>
<transferable>true</transferable>
<rely>false</rely>
<columnDependencyConstraintGenerateInDDL>true</columnDependencyConstraintGenerateInDDL>
</FKIndexAssociation>
