<?xml version = '1.0' encoding = 'UTF-8'?>
<FKIndexAssociation class="oracle.dbtools.crest.model.design.relational.FKIndexAssociation" directorySegmentName="seg_0" id="64A6CEE3-3EB0-18CE-983D-D3B987F37C58" containerWithKeyObject="946403FD-90E6-53DD-7CB0-5EA4C5DD02DF" localFKIndex="D41E01B8-0C09-37E9-251F-CA750DCCF280" name="TRAILERMODEL_TRAILERTYPE">
<createdBy>Luigi</createdBy>
<createdTime>2022-09-15 03:10:24 UTC</createdTime>
<generatorID>F24F691B-E35A-F076-169E-C9B0338E9284</generatorID>
<ownerDesignName>monh_oraclemodel</ownerDesignName>
<referredTableLongName>TRAILERMODEL</referredTableLongName>
<deleteRule>NO ACTION</deleteRule>
<referredTableID>0656DA75-2280-D32E-0D27-2E550AC483A6</referredTableID>
<keyObject>0BC64288-0EC6-E158-1EA2-C477DF01BCE4</keyObject>
<referredKeyID>0BC64288-0EC6-E158-1EA2-C477DF01BCE4</referredKeyID>
<mandatory>true</mandatory>
<refColNames>trailmodel_id</refColNames>
<transferable>true</transferable>
<rely>false</rely>
<columnDependencyConstraintGenerateInDDL>true</columnDependencyConstraintGenerateInDDL>
</FKIndexAssociation>
