<?xml version = '1.0' encoding = 'UTF-8'?>
<FKIndexAssociation class="oracle.dbtools.crest.model.design.relational.FKIndexAssociation" directorySegmentName="seg_0" id="6E922BEA-4D66-9BE6-04AC-F4C3E70268F8" containerWithKeyObject="1A2704C3-7BA4-6044-2076-84F9105EA18D" localFKIndex="35E5DBB8-E55A-0C6B-4FEC-5D0DB3095FD6" name="CUSTOMER_QUOTE">
<createdBy>Luigi</createdBy>
<createdTime>2022-09-14 07:03:30 UTC</createdTime>
<generatorID>190AFE03-2D5C-5EC5-8A64-A20F979CBFFA</generatorID>
<ownerDesignName>monh_oraclemodel</ownerDesignName>
<referredTableLongName>CUSTOMER</referredTableLongName>
<deleteRule>NO ACTION</deleteRule>
<referredTableID>42B20407-CF79-BF57-C5B8-ADF87631B608</referredTableID>
<keyObject>8186501F-1A4C-5CF2-181B-D462F8C0985D</keyObject>
<referredKeyID>8186501F-1A4C-5CF2-181B-D462F8C0985D</referredKeyID>
<mandatory>true</mandatory>
<refColNames>cust_no</refColNames>
<transferable>true</transferable>
<rely>false</rely>
<columnDependencyConstraintGenerateInDDL>true</columnDependencyConstraintGenerateInDDL>
</FKIndexAssociation>
