<?xml version = '1.0' encoding = 'UTF-8'?>
<FKIndexAssociation class="oracle.dbtools.crest.model.design.relational.FKIndexAssociation" directorySegmentName="seg_0" id="6EB78D6C-3914-38AD-7C01-80AE12C58C16" containerWithKeyObject="1B4E6CB1-4B9F-A298-7BFE-2A40F8E87320" localFKIndex="98D2BF7D-FE49-FCF6-66D8-8C8C395C9DCA" name="TRAILER_COMBO">
<createdBy>Luigi</createdBy>
<createdTime>2022-09-14 07:03:30 UTC</createdTime>
<generatorID>9AE5EB07-0493-54B4-C20B-CC4E9AB7827C</generatorID>
<ownerDesignName>monh_oraclemodel</ownerDesignName>
<referredTableLongName>TRAILER</referredTableLongName>
<deleteRule>NO ACTION</deleteRule>
<referredTableID>9FCD34C2-A7DD-AF7D-138E-149AB1512C82</referredTableID>
<keyObject>09BC7A19-637F-A6EE-67ED-A924E99DE52C</keyObject>
<referredKeyID>09BC7A19-637F-A6EE-67ED-A924E99DE52C</referredKeyID>
<mandatory>true</mandatory>
<refColNames>trailer_code</refColNames>
<transferable>true</transferable>
<rely>false</rely>
<columnDependencyConstraintGenerateInDDL>true</columnDependencyConstraintGenerateInDDL>
</FKIndexAssociation>
