<?xml version = '1.0' encoding = 'UTF-8'?>
<FKIndexAssociation class="oracle.dbtools.crest.model.design.relational.FKIndexAssociation" directorySegmentName="seg_0" id="70EB7E54-BEA4-1388-B590-10994BBD5F31" containerWithKeyObject="C6CB23C9-4224-A968-FA34-B4E352AC8B7C" localFKIndex="88269A0F-D4C8-9F38-DEC7-14F57EEB9C19" name="COMBO_JOB">
<createdBy>Luigi</createdBy>
<createdTime>2022-09-15 03:10:24 UTC</createdTime>
<generatorID>8476ABE7-071C-77D4-9918-69626F46E260</generatorID>
<ownerDesignName>monh_oraclemodel</ownerDesignName>
<referredTableLongName>COMBO</referredTableLongName>
<deleteRule>NO ACTION</deleteRule>
<referredTableID>1B6AD9C3-7330-163B-CC0D-695A1D4B8322</referredTableID>
<keyObject>FA4E5970-5166-F850-71F2-4CEA47FE3881</keyObject>
<referredKeyID>FA4E5970-5166-F850-71F2-4CEA47FE3881</referredKeyID>
<mandatory>true</mandatory>
<refColNames>combo_code</refColNames>
<transferable>true</transferable>
<rely>false</rely>
<columnDependencyConstraintGenerateInDDL>true</columnDependencyConstraintGenerateInDDL>
</FKIndexAssociation>
