<?xml version = '1.0' encoding = 'UTF-8'?>
<FKIndexAssociation class="oracle.dbtools.crest.model.design.relational.FKIndexAssociation" directorySegmentName="seg_0" id="91F1C098-A125-0C38-5844-2751AED7A92F" containerWithKeyObject="6BE2D39C-B9F6-95AD-25A0-AA59BC055C9D" localFKIndex="99820F9A-EF1C-7CDD-FEAD-663DD2AD4B3C" name="MECHANIC_JOB">
<createdBy>Luigi</createdBy>
<createdTime>2022-09-14 07:03:30 UTC</createdTime>
<generatorID>D5E8E225-F770-DF7E-06C0-7616B836DE4C</generatorID>
<ownerDesignName>monh_oraclemodel</ownerDesignName>
<referredTableLongName>EMPLOYEE</referredTableLongName>
<deleteRule>NO ACTION</deleteRule>
<referredTableID>DE9B55D1-63A9-2994-7C43-3FE6E5E952E1</referredTableID>
<keyObject>AFE5904B-3B1C-EB81-85E6-95F7B3015935</keyObject>
<referredKeyID>AFE5904B-3B1C-EB81-85E6-95F7B3015935</referredKeyID>
<mandatory>true</mandatory>
<refColNames>emp_no</refColNames>
<transferable>true</transferable>
<rely>false</rely>
<columnDependencyConstraintGenerateInDDL>true</columnDependencyConstraintGenerateInDDL>
</FKIndexAssociation>
