<?xml version = '1.0' encoding = 'UTF-8'?>
<FKIndexAssociation class="oracle.dbtools.crest.model.design.relational.FKIndexAssociation" directorySegmentName="seg_0" id="98F14987-B6B5-4772-AFC9-F342D175CEF6" containerWithKeyObject="B25C2266-D180-F6DC-0E5D-6C01EAE161A0" localFKIndex="A88942BB-8CC1-09E8-F144-695A74C076E4" name="MAKE_TRUCKTYPE">
<createdBy>Luigi</createdBy>
<createdTime>2022-09-14 07:03:30 UTC</createdTime>
<generatorID>CFD00320-4A95-617E-0E57-8DB1DA723B37</generatorID>
<ownerDesignName>monh_oraclemodel</ownerDesignName>
<referredTableLongName>MAKE</referredTableLongName>
<deleteRule>NO ACTION</deleteRule>
<referredTableID>581EDA1A-EAF6-7DB3-2A91-7735F5CEA987</referredTableID>
<keyObject>9378779A-1484-D3B0-AAD8-E728123182FB</keyObject>
<referredKeyID>9378779A-1484-D3B0-AAD8-E728123182FB</referredKeyID>
<mandatory>true</mandatory>
<refColNames>make_id</refColNames>
<transferable>true</transferable>
<rely>false</rely>
<columnDependencyConstraintGenerateInDDL>true</columnDependencyConstraintGenerateInDDL>
</FKIndexAssociation>
