<?xml version = '1.0' encoding = 'UTF-8'?>
<FKIndexAssociation class="oracle.dbtools.crest.model.design.relational.FKIndexAssociation" directorySegmentName="seg_0" id="C32843BD-F7AD-F0B4-0CF4-C696B9BEEED9" containerWithKeyObject="6BE2D39C-B9F6-95AD-25A0-AA59BC055C9D" localFKIndex="D456EECB-CD7F-2491-E34F-0477F369FD98" name="COMBO_JOB">
<createdBy>Luigi</createdBy>
<createdTime>2022-09-14 07:03:30 UTC</createdTime>
<generatorID>8476ABE7-071C-77D4-9918-69626F46E260</generatorID>
<ownerDesignName>monh_oraclemodel</ownerDesignName>
<referredTableLongName>COMBO</referredTableLongName>
<deleteRule>NO ACTION</deleteRule>
<referredTableID>1B4E6CB1-4B9F-A298-7BFE-2A40F8E87320</referredTableID>
<keyObject>B6E72B08-BF6C-7AA4-0E86-7EA86D17EB39</keyObject>
<referredKeyID>B6E72B08-BF6C-7AA4-0E86-7EA86D17EB39</referredKeyID>
<mandatory>true</mandatory>
<refColNames>combo_code</refColNames>
<transferable>true</transferable>
<rely>false</rely>
<columnDependencyConstraintGenerateInDDL>true</columnDependencyConstraintGenerateInDDL>
</FKIndexAssociation>
