<?xml version = '1.0' encoding = 'UTF-8'?>
<FKIndexAssociation class="oracle.dbtools.crest.model.design.relational.FKIndexAssociation" directorySegmentName="seg_0" id="C798D132-F5F0-B9FB-2A55-9F5D4AD61083" containerWithKeyObject="1A2704C3-7BA4-6044-2076-84F9105EA18D" localFKIndex="DDD813F5-B54D-922A-A619-0B7F25554461" name="PURPOSE_QUOTE">
<createdBy>Luigi</createdBy>
<createdTime>2022-09-14 07:03:30 UTC</createdTime>
<generatorID>B3EEE8F2-8394-8E95-6357-6B3288F74A79</generatorID>
<ownerDesignName>monh_oraclemodel</ownerDesignName>
<referredTableLongName>PURPOSE</referredTableLongName>
<deleteRule>NO ACTION</deleteRule>
<referredTableID>DC9F08B9-F340-CB8F-1435-05BC68F93FE0</referredTableID>
<keyObject>5F2023A0-A0AB-7EBE-41AE-28A3BC50C87B</keyObject>
<referredKeyID>5F2023A0-A0AB-7EBE-41AE-28A3BC50C87B</referredKeyID>
<mandatory>true</mandatory>
<refColNames>purpose_no</refColNames>
<transferable>true</transferable>
<rely>false</rely>
<columnDependencyConstraintGenerateInDDL>true</columnDependencyConstraintGenerateInDDL>
</FKIndexAssociation>
