<?xml version = '1.0' encoding = 'UTF-8'?>
<FKIndexAssociation class="oracle.dbtools.crest.model.design.relational.FKIndexAssociation" directorySegmentName="seg_0" id="CB0D4DB5-D0A2-6864-D79C-B00E224BD5F9" containerWithKeyObject="1A2704C3-7BA4-6044-2076-84F9105EA18D" localFKIndex="E370EF1E-7829-AE06-0C28-A92863C4AE4C" name="EMPLOYEE_QUOTE">
<createdBy>Luigi</createdBy>
<createdTime>2022-09-14 07:03:30 UTC</createdTime>
<generatorID>76FC8D37-DC63-AC7D-77BB-A145F0829E78</generatorID>
<ownerDesignName>monh_oraclemodel</ownerDesignName>
<referredTableLongName>EMPLOYEE</referredTableLongName>
<deleteRule>NO ACTION</deleteRule>
<referredTableID>DE9B55D1-63A9-2994-7C43-3FE6E5E952E1</referredTableID>
<keyObject>AFE5904B-3B1C-EB81-85E6-95F7B3015935</keyObject>
<referredKeyID>AFE5904B-3B1C-EB81-85E6-95F7B3015935</referredKeyID>
<mandatory>true</mandatory>
<refColNames>emp_no</refColNames>
<transferable>true</transferable>
<rely>false</rely>
<columnDependencyConstraintGenerateInDDL>true</columnDependencyConstraintGenerateInDDL>
</FKIndexAssociation>
