<?xml version = '1.0' encoding = 'UTF-8'?>
<FKIndexAssociation class="oracle.dbtools.crest.model.design.relational.FKIndexAssociation" directorySegmentName="seg_0" id="FB3E48D7-EA64-7316-644A-5F50D61C7F7C" containerWithKeyObject="9FCD34C2-A7DD-AF7D-138E-149AB1512C82" localFKIndex="FB623CD0-5505-BB5D-4D52-4680C9A09E01" name="TRAILERCLASS_TRAILER">
<createdBy>Luigi</createdBy>
<createdTime>2022-09-14 07:03:30 UTC</createdTime>
<generatorID>5A1807EF-8479-5FAE-39CB-59783D466F19</generatorID>
<ownerDesignName>monh_oraclemodel</ownerDesignName>
<referredTableLongName>TRAILERCLASS</referredTableLongName>
<deleteRule>NO ACTION</deleteRule>
<referredTableID>5777199E-B3CC-92D6-59E9-AE7531AEE463</referredTableID>
<keyObject>31074304-878C-BE87-CD07-A83884C5972F</keyObject>
<referredKeyID>31074304-878C-BE87-CD07-A83884C5972F</referredKeyID>
<mandatory>true</mandatory>
<refColNames>trailclass_id</refColNames>
<transferable>true</transferable>
<rely>false</rely>
<columnDependencyConstraintGenerateInDDL>true</columnDependencyConstraintGenerateInDDL>
</FKIndexAssociation>
