<?xml version = '1.0' encoding = 'UTF-8'?>
<Relation class="oracle.dbtools.crest.model.design.logical.Relation" name="COMBO_COMBO_PURPOSE" directorySegmentName="seg_0" id="55AA26E2-564E-11BE-9CC7-C974D399B08A">
<createdBy>Luigi</createdBy>
<createdTime>2022-09-13 06:39:50 UTC</createdTime>
<ownerDesignName>monh_oraclemodel</ownerDesignName>
<engineerTo>
<item key="5A4D09F0-585E-C5A9-98D2-7CE22EAC4BDD" value="true"/>
</engineerTo>
<sourcePk>B2636934-338B-9F80-43AE-B18685E1A16D</sourcePk>
<identifying>false</identifying>
<nameOnSource>has_a</nameOnSource>
<nameOnTarget> </nameOnTarget>
<optionalSource>false</optionalSource>
<optionalTarget>false</optionalTarget>
<sourceCardinality>1</sourceCardinality>
<sourceEntity>E302794B-39F3-6A52-E719-795D82971768</sourceEntity>
<targetCardinalityString>*</targetCardinalityString>
<targetEntity>60521AD2-89B2-82C8-02EC-B40729484938</targetEntity>
<transferable>true</transferable>
<deleteRule>NO ACTION</deleteRule>
</Relation>
