<?xml version = '1.0' encoding = 'UTF-8'?>
<Relation class="oracle.dbtools.crest.model.design.logical.Relation" name="DRIVER_JOB" directorySegmentName="seg_0" id="86716048-A069-D6A4-3560-FDCDA237CE9D">
<createdBy>Luigi</createdBy>
<createdTime>2022-09-13 07:19:47 UTC</createdTime>
<ownerDesignName>monh_oraclemodel</ownerDesignName>
<engineerTo>
<item key="5A4D09F0-585E-C5A9-98D2-7CE22EAC4BDD" value="true"/>
</engineerTo>
<sourcePk>BD1B205B-9645-C64A-C4AC-E9E0F35CE805</sourcePk>
<targetPk>A6E84A10-5C75-512C-4737-6229B066C0DC</targetPk>
<identifying>false</identifying>
<nameOnSource>driver_for</nameOnSource>
<nameOnTarget> </nameOnTarget>
<optionalSource>false</optionalSource>
<optionalTarget>true</optionalTarget>
<sourceCardinality>1</sourceCardinality>
<sourceEntity>B72D3F7D-AC8A-5A58-F179-7F484D5C239B</sourceEntity>
<targetCardinalityString>1</targetCardinalityString>
<targetEntity>14BEF757-7493-EAFD-CAE0-2053243EF624</targetEntity>
<transferable>true</transferable>
<deleteRule>NO ACTION</deleteRule>
</Relation>
