<?xml version = '1.0' encoding = 'UTF-8'?>
<Relation class="oracle.dbtools.crest.model.design.logical.Relation" name="CLERK_JOB" directorySegmentName="seg_0" id="C10B8F3C-C52E-93FA-851F-70EE57A7F5F2">
<createdBy>Luigi</createdBy>
<createdTime>2022-09-11 12:42:58 UTC</createdTime>
<ownerDesignName>monh_oraclemodel</ownerDesignName>
<engineerTo>
<item key="5A4D09F0-585E-C5A9-98D2-7CE22EAC4BDD" value="true"/>
</engineerTo>
<sourcePk>A6E84A10-5C75-512C-4737-6229B066C0DC</sourcePk>
<identifying>false</identifying>
<nameOnSource>schedules</nameOnSource>
<nameOnTarget> </nameOnTarget>
<optionalSource>true</optionalSource>
<optionalTarget>false</optionalTarget>
<sourceCardinality>1</sourceCardinality>
<sourceEntity>14BEF757-7493-EAFD-CAE0-2053243EF624</sourceEntity>
<targetCardinalityString>*</targetCardinalityString>
<targetEntity>B72D3F7D-AC8A-5A58-F179-7F484D5C239B</targetEntity>
<transferable>true</transferable>
<deleteRule>NO ACTION</deleteRule>
</Relation>
