<?xml version = '1.0' encoding = 'UTF-8'?>
<Diagram class="oracle.dbtools.crest.swingui.relational.DPVRelational" name="Relational_1" id="A73E915D-D337-7CCF-ED60-83EE3E9710CA">
<createdBy>Luigi</createdBy>
<modifiedBy>Luigi</modifiedBy>
<createdTime>2022-09-11 11:41:31 UTC</createdTime>
<autoRoute>false</autoRoute>
<boxInbox>true</boxInbox>
<showLegend>false</showLegend>
<showLabels>false</showLabels>
<showRelAttributes>false</showRelAttributes>
<gridEnabled>false</gridEnabled>
<showGrid>false</showGrid>
<diagramColor>-1</diagramColor>
<display>false</display>
<notation>1</notation>
<objectViews>
<OView class="oracle.dbtools.crest.swingui.relational.TVTable" oid="0656DA75-2280-D32E-0D27-2E550AC483A6" otype="Table" vid="D930224A-C6A0-43C8-EEDB-3EBD1A6C71AD">
<hideElementsInCurrentOnly>false</hideElementsInCurrentOnly>
<bounds x="849" y="262" width="170" height="110"/>
</OView>
<OView class="oracle.dbtools.crest.swingui.relational.TVTable" oid="189CC5B9-F116-BC33-23E0-FA099D02C2E9" otype="Table" vid="DA019595-DC00-1D01-5372-38644248AC57">
<hideElementsInCurrentOnly>false</hideElementsInCurrentOnly>
<bounds x="505" y="102" width="170" height="133"/>
</OView>
<OView class="oracle.dbtools.crest.swingui.relational.TVTable" oid="1A97F5FB-CD0C-B013-7A7C-0BC47114F75F" otype="Table" vid="EB74F8A8-6BEF-1AD9-0E30-198C2D654E0E">
<hideElementsInCurrentOnly>false</hideElementsInCurrentOnly>
<bounds x="425" y="450" width="170" height="141"/>
</OView>
<OView class="oracle.dbtools.crest.swingui.relational.TVTable" oid="1B6AD9C3-7330-163B-CC0D-695A1D4B8322" otype="Table" vid="D12FAB4F-ACE3-282C-B89E-41231FE1DB2A">
<hideElementsInCurrentOnly>false</hideElementsInCurrentOnly>
<bounds x="1050" y="31" width="170" height="110"/>
</OView>
<OView class="oracle.dbtools.crest.swingui.relational.TVTable" oid="3F7BEA86-0CDB-76F8-725F-8E23D9D904D5" otype="Table" vid="59EE72C4-6667-35E9-65F2-4202EA1C8DA7">
<hideElementsInCurrentOnly>false</hideElementsInCurrentOnly>
<bounds x="1618" y="25" width="170" height="110"/>
</OView>
<OView class="oracle.dbtools.crest.swingui.relational.TVTable" oid="69016C3D-EF82-FF5D-585B-F492C149FAAA" otype="Table" vid="BB6FF940-D35B-0D9E-C53C-64E20DE7B30D">
<hideElementsInCurrentOnly>false</hideElementsInCurrentOnly>
<bounds x="1338" y="31" width="172" height="110"/>
</OView>
<OView class="oracle.dbtools.crest.swingui.relational.TVTable" oid="6A56AB61-A3B6-7F06-9A93-6CB53799EEA7" otype="Table" vid="36A562EE-574F-3FEF-16C1-B32D0A94A7A7">
<hideElementsInCurrentOnly>false</hideElementsInCurrentOnly>
<bounds x="54" y="708" width="170" height="110"/>
</OView>
<OView class="oracle.dbtools.crest.swingui.relational.TVTable" oid="8E2BC447-348B-3E6D-1CB0-C73B7A60DC63" otype="Table" vid="F32E088D-1144-F4CD-ADB7-2B5CD8EAA55E">
<hideElementsInCurrentOnly>false</hideElementsInCurrentOnly>
<bounds x="1355" y="288" width="170" height="121"/>
</OView>
<OView class="oracle.dbtools.crest.swingui.relational.TVTable" oid="946403FD-90E6-53DD-7CB0-5EA4C5DD02DF" otype="Table" vid="17E7425E-F445-2950-798C-744BCDB37576">
<hideElementsInCurrentOnly>false</hideElementsInCurrentOnly>
<bounds x="732" y="467" width="170" height="110"/>
</OView>
<OView class="oracle.dbtools.crest.swingui.relational.TVTable" oid="9B62FB13-B341-3B2B-D6CC-FB4EC575739F" otype="Table" vid="4D79B72F-A445-83C9-625D-979BE612C991">
<hideElementsInCurrentOnly>false</hideElementsInCurrentOnly>
<bounds x="3" y="309" width="170" height="110"/>
</OView>
<OView class="oracle.dbtools.crest.swingui.relational.TVTable" oid="AA52097F-7AB1-05D9-B34D-12117255BE05" otype="Table" vid="908926E8-B769-6F1E-99BE-1D9A93F06B60">
<hideElementsInCurrentOnly>false</hideElementsInCurrentOnly>
<bounds x="308" y="690" width="170" height="130"/>
</OView>
<OView class="oracle.dbtools.crest.swingui.relational.TVTable" oid="B702D5AD-F4DA-D648-D1FD-9E79F56CF817" otype="Table" vid="795B85AF-9948-CA31-68DA-631021720BA8">
<hideElementsInCurrentOnly>false</hideElementsInCurrentOnly>
<bounds x="314" y="10" width="170" height="147"/>
</OView>
<OView class="oracle.dbtools.crest.swingui.relational.TVTable" oid="C6CB23C9-4224-A968-FA34-B4E352AC8B7C" otype="Table" vid="005219A0-A054-E48B-DF31-82634490DA43">
<hideElementsInCurrentOnly>false</hideElementsInCurrentOnly>
<bounds x="1049" y="290" width="187" height="204"/>
</OView>
<OView class="oracle.dbtools.crest.swingui.relational.TVTable" oid="D77A53C1-D367-E3C7-A909-D5647662E666" otype="Table" vid="6E4C0524-DA4C-20AB-7351-AAE066022107">
<hideElementsInCurrentOnly>false</hideElementsInCurrentOnly>
<bounds x="1047" y="638" width="170" height="176"/>
</OView>
<OView class="oracle.dbtools.crest.swingui.relational.TVTable" oid="EA1B3FC6-EA71-E758-EB37-E909A86B739F" otype="Table" vid="7BEACBA3-E827-A6FF-340D-241C9C0577EF">
<hideElementsInCurrentOnly>false</hideElementsInCurrentOnly>
<bounds x="1616" y="534" width="170" height="189"/>
</OView>
<OView class="oracle.dbtools.crest.swingui.relational.TVTable" oid="F7404BBE-E5A9-AE60-390C-BD2A3DB2C30E" otype="Table" vid="20B047FF-EF7A-671A-920C-60248F0361BF">
<hideElementsInCurrentOnly>false</hideElementsInCurrentOnly>
<bounds x="610" y="259" width="170" height="110"/>
</OView>
<OView class="oracle.dbtools.crest.swingui.relational.TVTable" oid="F881B251-5DFB-B347-34BD-93DB7B2D8295" otype="Table" vid="55046800-F196-9044-E287-425B4D8E6B72">
<hideElementsInCurrentOnly>false</hideElementsInCurrentOnly>
<bounds x="204" y="307" width="170" height="110"/>
</OView>
</objectViews>
<connectors>
<Connector class="oracle.dbtools.crest.swingui.relational.TVFKRelation" oid="0867B0B6-5F8B-D883-D99C-525FB0FA6578" otype="FKIndexAssociation" vid_source="4D79B72F-A445-83C9-625D-979BE612C991" vid_target="36A562EE-574F-3FEF-16C1-B32D0A94A7A7">
<hideElementsInCurrentOnly>false</hideElementsInCurrentOnly>
<backgroundColor>-16777216</backgroundColor>
<lineWidth>1</lineWidth>
<points>
<point x="113" y="419"/>
<point x="113" y="708"/>
</points>
</Connector>
<Connector class="oracle.dbtools.crest.swingui.relational.TVFKRelation" oid="1113DB8B-FC3F-92F6-7FC6-AF3D3532BD85" otype="FKIndexAssociation" vid_source="DA019595-DC00-1D01-5372-38644248AC57" vid_target="D12FAB4F-ACE3-282C-B89E-41231FE1DB2A">
<hideElementsInCurrentOnly>false</hideElementsInCurrentOnly>
<backgroundColor>-16777216</backgroundColor>
<lineWidth>1</lineWidth>
<points>
<point x="675" y="121"/>
<point x="1050" y="121"/>
</points>
</Connector>
<Connector class="oracle.dbtools.crest.swingui.relational.TVFKRelation" oid="14CF3571-1926-FDB0-1893-62D58A5AE95A" otype="FKIndexAssociation" vid_source="F32E088D-1144-F4CD-ADB7-2B5CD8EAA55E" vid_target="7BEACBA3-E827-A6FF-340D-241C9C0577EF">
<hideElementsInCurrentOnly>false</hideElementsInCurrentOnly>
<backgroundColor>-16777216</backgroundColor>
<lineWidth>1</lineWidth>
<points>
<point x="1496" y="409"/>
<point x="1616" y="537"/>
</points>
</Connector>
<Connector class="oracle.dbtools.crest.swingui.relational.TVFKRelation" oid="1719647A-5739-85B1-1AC0-EF8E3685904E" otype="FKIndexAssociation" vid_source="D12FAB4F-ACE3-282C-B89E-41231FE1DB2A" vid_target="BB6FF940-D35B-0D9E-C53C-64E20DE7B30D">
<hideElementsInCurrentOnly>false</hideElementsInCurrentOnly>
<backgroundColor>-16777216</backgroundColor>
<lineWidth>1</lineWidth>
<points>
<point x="1220" y="86"/>
<point x="1338" y="86"/>
</points>
</Connector>
<Connector class="oracle.dbtools.crest.swingui.relational.TVFKRelation" oid="1E2DE4A7-6FCF-54CA-B9FA-2C66BD28A6C7" otype="FKIndexAssociation" vid_source="6E4C0524-DA4C-20AB-7351-AAE066022107" vid_target="7BEACBA3-E827-A6FF-340D-241C9C0577EF">
<hideElementsInCurrentOnly>false</hideElementsInCurrentOnly>
<backgroundColor>-16777216</backgroundColor>
<lineWidth>1</lineWidth>
<points>
<point x="1217" y="680"/>
<point x="1616" y="680"/>
</points>
</Connector>
<Connector class="oracle.dbtools.crest.swingui.relational.TVFKRelation" oid="3C87AA46-3272-7531-F01C-ADA60A77808F" otype="FKIndexAssociation" vid_source="59EE72C4-6667-35E9-65F2-4202EA1C8DA7" vid_target="BB6FF940-D35B-0D9E-C53C-64E20DE7B30D">
<hideElementsInCurrentOnly>false</hideElementsInCurrentOnly>
<backgroundColor>-16777216</backgroundColor>
<lineWidth>1</lineWidth>
<points>
<point x="1618" y="83"/>
<point x="1510" y="83"/>
</points>
</Connector>
<Connector class="oracle.dbtools.crest.swingui.relational.TVFKRelation" oid="414789E7-FFD4-83CD-464B-2637ED969321" otype="FKIndexAssociation" vid_source="6E4C0524-DA4C-20AB-7351-AAE066022107" vid_target="005219A0-A054-E48B-DF31-82634490DA43">
<hideElementsInCurrentOnly>false</hideElementsInCurrentOnly>
<backgroundColor>-16777216</backgroundColor>
<lineWidth>1</lineWidth>
<points>
<point x="1203" y="638"/>
<point x="1202" y="494"/>
</points>
</Connector>
<Connector class="oracle.dbtools.crest.swingui.relational.TVFKRelation" oid="64A6CEE3-3EB0-18CE-983D-D3B987F37C58" otype="FKIndexAssociation" vid_source="D930224A-C6A0-43C8-EEDB-3EBD1A6C71AD" vid_target="17E7425E-F445-2950-798C-744BCDB37576">
<hideElementsInCurrentOnly>false</hideElementsInCurrentOnly>
<backgroundColor>-16777216</backgroundColor>
<lineWidth>1</lineWidth>
<points>
<point x="875" y="372"/>
<point x="875" y="467"/>
</points>
</Connector>
<Connector class="oracle.dbtools.crest.swingui.relational.TVFKRelation" oid="6A3772F8-8603-B86B-AF46-A52282C1E8BA" otype="FKIndexAssociation" vid_source="EB74F8A8-6BEF-1AD9-0E30-198C2D654E0E" vid_target="17E7425E-F445-2950-798C-744BCDB37576">
<hideElementsInCurrentOnly>false</hideElementsInCurrentOnly>
<backgroundColor>-16777216</backgroundColor>
<lineWidth>1</lineWidth>
<points>
<point x="595" y="522"/>
<point x="732" y="522"/>
</points>
</Connector>
<Connector class="oracle.dbtools.crest.swingui.relational.TVFKRelation" oid="70EB7E54-BEA4-1388-B590-10994BBD5F31" otype="FKIndexAssociation" vid_source="D12FAB4F-ACE3-282C-B89E-41231FE1DB2A" vid_target="005219A0-A054-E48B-DF31-82634490DA43">
<hideElementsInCurrentOnly>false</hideElementsInCurrentOnly>
<backgroundColor>-16777216</backgroundColor>
<lineWidth>1</lineWidth>
<points>
<point x="1135" y="141"/>
<point x="1135" y="290"/>
</points>
</Connector>
<Connector class="oracle.dbtools.crest.swingui.relational.TVFKRelation" oid="7B8CEB5D-AD7E-85C4-E0D7-93808D96FAFC" otype="FKIndexAssociation" vid_source="7BEACBA3-E827-A6FF-340D-241C9C0577EF" vid_target="005219A0-A054-E48B-DF31-82634490DA43">
<hideElementsInCurrentOnly>false</hideElementsInCurrentOnly>
<backgroundColor>-16777216</backgroundColor>
<lineWidth>1</lineWidth>
<points>
<point x="1616" y="534"/>
<point x="1236" y="494"/>
</points>
</Connector>
<Connector class="oracle.dbtools.crest.swingui.relational.TVFKRelation" oid="7F3CDC74-0348-EAEE-4721-BA011660D783" otype="FKIndexAssociation" vid_source="55046800-F196-9044-E287-425B4D8E6B72" vid_target="36A562EE-574F-3FEF-16C1-B32D0A94A7A7">
<hideElementsInCurrentOnly>false</hideElementsInCurrentOnly>
<backgroundColor>-16777216</backgroundColor>
<lineWidth>1</lineWidth>
<points>
<point x="214" y="417"/>
<point x="214" y="708"/>
</points>
</Connector>
<Connector class="oracle.dbtools.crest.swingui.relational.TVFKRelation" oid="90BC309E-3D0C-C527-5418-04B9DAD1E59B" otype="FKIndexAssociation" vid_source="908926E8-B769-6F1E-99BE-1D9A93F06B60" vid_target="6E4C0524-DA4C-20AB-7351-AAE066022107">
<hideElementsInCurrentOnly>false</hideElementsInCurrentOnly>
<backgroundColor>-16777216</backgroundColor>
<lineWidth>1</lineWidth>
<points>
<point x="478" y="752"/>
<point x="1047" y="752"/>
</points>
</Connector>
<Connector class="oracle.dbtools.crest.swingui.relational.TVFKRelation" oid="924B74D8-7D4F-C01F-E8FD-72849CFF0F8A" otype="FKIndexAssociation" vid_source="6E4C0524-DA4C-20AB-7351-AAE066022107" vid_target="6E4C0524-DA4C-20AB-7351-AAE066022107">
<hideElementsInCurrentOnly>false</hideElementsInCurrentOnly>
<backgroundColor>-16777216</backgroundColor>
<lineWidth>1</lineWidth>
<points>
<point x="1217" y="734"/>
<point x="1242" y="734"/>
<point x="1242" y="827"/>
<point x="1147" y="827"/>
<point x="1147" y="814"/>
</points>
</Connector>
<Connector class="oracle.dbtools.crest.swingui.relational.TVFKRelation" oid="928FE172-5182-CECF-D701-C2922D574AD8" otype="FKIndexAssociation" vid_source="20B047FF-EF7A-671A-920C-60248F0361BF" vid_target="17E7425E-F445-2950-798C-744BCDB37576">
<hideElementsInCurrentOnly>false</hideElementsInCurrentOnly>
<backgroundColor>-16777216</backgroundColor>
<lineWidth>1</lineWidth>
<points>
<point x="756" y="369"/>
<point x="756" y="467"/>
</points>
</Connector>
<Connector class="oracle.dbtools.crest.swingui.relational.TVFKRelation" oid="9627BA96-0137-A7F2-7648-5F972D0B7D85" otype="FKIndexAssociation" vid_source="6E4C0524-DA4C-20AB-7351-AAE066022107" vid_target="005219A0-A054-E48B-DF31-82634490DA43">
<hideElementsInCurrentOnly>false</hideElementsInCurrentOnly>
<backgroundColor>-16777216</backgroundColor>
<lineWidth>1</lineWidth>
<points>
<point x="1061" y="638"/>
<point x="1061" y="494"/>
</points>
</Connector>
<Connector class="oracle.dbtools.crest.swingui.relational.TVFKRelation" oid="C27BCB1C-40B8-E3D7-545E-B826A7C799A1" otype="FKIndexAssociation" vid_source="59EE72C4-6667-35E9-65F2-4202EA1C8DA7" vid_target="7BEACBA3-E827-A6FF-340D-241C9C0577EF">
<hideElementsInCurrentOnly>false</hideElementsInCurrentOnly>
<backgroundColor>-16777216</backgroundColor>
<lineWidth>1</lineWidth>
<points>
<point x="1702" y="135"/>
<point x="1702" y="534"/>
</points>
</Connector>
<Connector class="oracle.dbtools.crest.swingui.relational.TVFKRelation" oid="D1C64E54-84FA-22EE-DC79-F46C9DFDBCB5" otype="FKIndexAssociation" vid_source="EB74F8A8-6BEF-1AD9-0E30-198C2D654E0E" vid_target="DA019595-DC00-1D01-5372-38644248AC57">
<hideElementsInCurrentOnly>false</hideElementsInCurrentOnly>
<backgroundColor>-16777216</backgroundColor>
<lineWidth>1</lineWidth>
<points>
<point x="550" y="450"/>
<point x="550" y="235"/>
</points>
</Connector>
<Connector class="oracle.dbtools.crest.swingui.relational.TVFKRelation" oid="DA182266-5EDA-608C-5943-B717AB453A80" otype="FKIndexAssociation" vid_source="795B85AF-9948-CA31-68DA-631021720BA8" vid_target="D12FAB4F-ACE3-282C-B89E-41231FE1DB2A">
<hideElementsInCurrentOnly>false</hideElementsInCurrentOnly>
<backgroundColor>-16777216</backgroundColor>
<lineWidth>1</lineWidth>
<points>
<point x="484" y="86"/>
<point x="1050" y="86"/>
</points>
</Connector>
<Connector class="oracle.dbtools.crest.swingui.relational.TVFKRelation" oid="E69C0D0F-AEF3-39F6-61D6-1037D25903D9" otype="FKIndexAssociation" vid_source="908926E8-B769-6F1E-99BE-1D9A93F06B60" vid_target="36A562EE-574F-3FEF-16C1-B32D0A94A7A7">
<hideElementsInCurrentOnly>false</hideElementsInCurrentOnly>
<backgroundColor>-16777216</backgroundColor>
<lineWidth>1</lineWidth>
<points>
<point x="308" y="763"/>
<point x="224" y="763"/>
</points>
</Connector>
<Connector class="oracle.dbtools.crest.swingui.relational.TVFKRelation" oid="FD069F45-6DEE-BB11-B06B-F2772D61967D" otype="FKIndexAssociation" vid_source="908926E8-B769-6F1E-99BE-1D9A93F06B60" vid_target="795B85AF-9948-CA31-68DA-631021720BA8">
<hideElementsInCurrentOnly>false</hideElementsInCurrentOnly>
<backgroundColor>-16777216</backgroundColor>
<lineWidth>1</lineWidth>
<points>
<point x="396" y="690"/>
<point x="396" y="157"/>
</points>
</Connector>
<Connector class="oracle.dbtools.crest.swingui.relational.TVFKRelation" oid="FE7A0B13-DA2A-FC11-1163-C1C37EF38E48" otype="FKIndexAssociation" vid_source="6E4C0524-DA4C-20AB-7351-AAE066022107" vid_target="005219A0-A054-E48B-DF31-82634490DA43">
<hideElementsInCurrentOnly>false</hideElementsInCurrentOnly>
<backgroundColor>-16777216</backgroundColor>
<lineWidth>1</lineWidth>
<points>
<point x="1139" y="638"/>
<point x="1139" y="494"/>
</points>
</Connector>
</connectors>
</Diagram>
