<?xml version = '1.0' encoding = 'UTF-8'?>
<Diagram class="oracle.dbtools.crest.swingui.relational.DPVRelational" name="Relational_1" id="A73E915D-D337-7CCF-ED60-83EE3E9710CA">
<createdBy>Luigi</createdBy>
<modifiedBy>Luigi</modifiedBy>
<createdTime>2022-09-11 11:41:31 UTC</createdTime>
<autoRoute>false</autoRoute>
<boxInbox>true</boxInbox>
<showLegend>false</showLegend>
<showLabels>false</showLabels>
<showRelAttributes>false</showRelAttributes>
<gridEnabled>false</gridEnabled>
<showGrid>false</showGrid>
<diagramColor>-1</diagramColor>
<display>false</display>
<notation>1</notation>
<objectViews>
<OView class="oracle.dbtools.crest.swingui.relational.TVTable" oid="1A2704C3-7BA4-6044-2076-84F9105EA18D" otype="Table" vid="AAB88613-DA60-A734-61EA-54C4C5889B3B">
<hideElementsInCurrentOnly>false</hideElementsInCurrentOnly>
<bounds x="1637" y="546" width="170" height="189"/>
</OView>
<OView class="oracle.dbtools.crest.swingui.relational.TVTable" oid="1B4E6CB1-4B9F-A298-7BFE-2A40F8E87320" otype="Table" vid="86B6FFB3-D47D-13D5-9EEE-5F65612FEDF8">
<hideElementsInCurrentOnly>false</hideElementsInCurrentOnly>
<bounds x="979" y="19" width="170" height="110"/>
</OView>
<OView class="oracle.dbtools.crest.swingui.relational.TVTable" oid="28F4257B-F16E-7474-E823-0CB3AC71DF89" otype="Table" vid="87AB1008-7F2F-E0BE-78AE-358C6EEB30EE">
<hideElementsInCurrentOnly>false</hideElementsInCurrentOnly>
<bounds x="3" y="309" width="170" height="110"/>
</OView>
<OView class="oracle.dbtools.crest.swingui.relational.TVTable" oid="42B20407-CF79-BF57-C5B8-ADF87631B608" otype="Table" vid="AD4C1FBD-7A90-9E3B-106C-CCF6D7E724CF">
<hideElementsInCurrentOnly>false</hideElementsInCurrentOnly>
<bounds x="1415" y="301" width="170" height="121"/>
</OView>
<OView class="oracle.dbtools.crest.swingui.relational.TVTable" oid="462EB760-5254-5DCC-EE76-5A50A29CD90D" otype="Table" vid="122F7F8C-7976-05DB-185A-B9E845F9BA42">
<hideElementsInCurrentOnly>false</hideElementsInCurrentOnly>
<bounds x="592" y="242" width="170" height="110"/>
</OView>
<OView class="oracle.dbtools.crest.swingui.relational.TVTable" oid="5777199E-B3CC-92D6-59E9-AE7531AEE463" otype="Table" vid="19127369-8A5C-C3A2-E008-E6EB2AD454D6">
<hideElementsInCurrentOnly>false</hideElementsInCurrentOnly>
<bounds x="425" y="450" width="170" height="141"/>
</OView>
<OView class="oracle.dbtools.crest.swingui.relational.TVTable" oid="581EDA1A-EAF6-7DB3-2A91-7735F5CEA987" otype="Table" vid="16EC3B14-EC9C-301E-A278-AFFA84ED1C51">
<hideElementsInCurrentOnly>false</hideElementsInCurrentOnly>
<bounds x="202" y="167" width="170" height="110"/>
</OView>
<OView class="oracle.dbtools.crest.swingui.relational.TVTable" oid="6BE2D39C-B9F6-95AD-25A0-AA59BC055C9D" otype="Table" vid="E3A890DE-A4C2-C26D-87F4-B8830561F64A">
<hideElementsInCurrentOnly>false</hideElementsInCurrentOnly>
<bounds x="941" y="153" width="187" height="204"/>
</OView>
<OView class="oracle.dbtools.crest.swingui.relational.TVTable" oid="6C5CE43E-EB16-7BAC-7C4B-C84D22934964" otype="Table" vid="786E0EDD-8C3A-2CAE-53F8-76B526E793C9">
<hideElementsInCurrentOnly>false</hideElementsInCurrentOnly>
<bounds x="749" y="123" width="170" height="110"/>
</OView>
<OView class="oracle.dbtools.crest.swingui.relational.TVTable" oid="9FCD34C2-A7DD-AF7D-138E-149AB1512C82" otype="Table" vid="DA9FA8F4-5D0F-774D-232C-32A3DA05A714">
<hideElementsInCurrentOnly>false</hideElementsInCurrentOnly>
<bounds x="518" y="92" width="170" height="133"/>
</OView>
<OView class="oracle.dbtools.crest.swingui.relational.TVTable" oid="A5347C03-2338-151A-DF31-96BB6C7606C5" otype="Table" vid="41EC4BA0-6F81-51D2-5301-FEE222027645">
<hideElementsInCurrentOnly>false</hideElementsInCurrentOnly>
<bounds x="314" y="10" width="170" height="147"/>
</OView>
<OView class="oracle.dbtools.crest.swingui.relational.TVTable" oid="AC838BB3-4B84-1ACB-F01A-B60A0D2F81EA" otype="Table" vid="2974C731-A34B-6FAA-E70F-8BA0CC6BA7D5">
<hideElementsInCurrentOnly>false</hideElementsInCurrentOnly>
<bounds x="1343" y="38" width="170" height="110"/>
</OView>
<OView class="oracle.dbtools.crest.swingui.relational.TVTable" oid="B25C2266-D180-F6DC-0E5D-6C01EAE161A0" otype="Table" vid="75EFF733-720B-C5C2-1C64-029455991787">
<hideElementsInCurrentOnly>false</hideElementsInCurrentOnly>
<bounds x="54" y="708" width="170" height="110"/>
</OView>
<OView class="oracle.dbtools.crest.swingui.relational.TVTable" oid="D99E3403-DF4C-39FB-4DC2-2998F7EFB584" otype="Table" vid="A62DB993-8BA4-AAA0-1CAD-9FE47A68FB33">
<hideElementsInCurrentOnly>false</hideElementsInCurrentOnly>
<bounds x="670" y="455" width="170" height="110"/>
</OView>
<OView class="oracle.dbtools.crest.swingui.relational.TVTable" oid="DC9F08B9-F340-CB8F-1435-05BC68F93FE0" otype="Table" vid="87F726F6-923E-1F65-5AC3-E0DA85DFF2DB">
<hideElementsInCurrentOnly>false</hideElementsInCurrentOnly>
<bounds x="1580" y="19" width="170" height="110"/>
</OView>
<OView class="oracle.dbtools.crest.swingui.relational.TVTable" oid="DE9B55D1-63A9-2994-7C43-3FE6E5E952E1" otype="Table" vid="0B93DDFB-B8E9-2575-E57B-6E53502F36A4">
<hideElementsInCurrentOnly>false</hideElementsInCurrentOnly>
<bounds x="947" y="519" width="170" height="176"/>
</OView>
<OView class="oracle.dbtools.crest.swingui.relational.TVTable" oid="FBDEA0A6-A63E-64A4-D377-FBE1FDBD999B" otype="Table" vid="76C7B42B-77F1-A9B6-E158-F59D2E65E919">
<hideElementsInCurrentOnly>false</hideElementsInCurrentOnly>
<bounds x="308" y="690" width="170" height="130"/>
</OView>
</objectViews>
<connectors>
<Connector class="oracle.dbtools.crest.swingui.relational.TVFKRelation" oid="14A93F0C-85EC-F386-CED1-3FD367A74DE9" otype="FKIndexAssociation" vid_source="76C7B42B-77F1-A9B6-E158-F59D2E65E919" vid_target="75EFF733-720B-C5C2-1C64-029455991787">
<hideElementsInCurrentOnly>false</hideElementsInCurrentOnly>
<backgroundColor>-16777216</backgroundColor>
<lineWidth>1</lineWidth>
<points>
<point x="308" y="763"/>
<point x="224" y="763"/>
</points>
</Connector>
<Connector class="oracle.dbtools.crest.swingui.relational.TVFKRelation" oid="1BE49213-7195-3AA9-C0DC-024A19C9F999" otype="FKIndexAssociation" vid_source="87AB1008-7F2F-E0BE-78AE-358C6EEB30EE" vid_target="75EFF733-720B-C5C2-1C64-029455991787">
<hideElementsInCurrentOnly>false</hideElementsInCurrentOnly>
<backgroundColor>-16777216</backgroundColor>
<lineWidth>1</lineWidth>
<points>
<point x="113" y="419"/>
<point x="113" y="708"/>
</points>
</Connector>
<Connector class="oracle.dbtools.crest.swingui.relational.TVFKRelation" oid="24196238-5E8B-F44E-64FC-F905D7FAE2BF" otype="FKIndexAssociation" vid_source="0B93DDFB-B8E9-2575-E57B-6E53502F36A4" vid_target="E3A890DE-A4C2-C26D-87F4-B8830561F64A">
<hideElementsInCurrentOnly>false</hideElementsInCurrentOnly>
<backgroundColor>-16777216</backgroundColor>
<lineWidth>1</lineWidth>
<points>
<point x="1106" y="519"/>
<point x="1107" y="357"/>
</points>
</Connector>
<Connector class="oracle.dbtools.crest.swingui.relational.TVFKRelation" oid="25E5261A-A88D-2BA3-6D75-3E1C3C47577B" otype="FKIndexAssociation" vid_source="41EC4BA0-6F81-51D2-5301-FEE222027645" vid_target="86B6FFB3-D47D-13D5-9EEE-5F65612FEDF8">
<hideElementsInCurrentOnly>false</hideElementsInCurrentOnly>
<backgroundColor>-16777216</backgroundColor>
<lineWidth>1</lineWidth>
<points>
<point x="484" y="74"/>
<point x="979" y="74"/>
</points>
</Connector>
<Connector class="oracle.dbtools.crest.swingui.relational.TVFKRelation" oid="40D443B8-D88F-EAE1-0813-97D93774D62E" otype="FKIndexAssociation" vid_source="122F7F8C-7976-05DB-185A-B9E845F9BA42" vid_target="A62DB993-8BA4-AAA0-1CAD-9FE47A68FB33">
<hideElementsInCurrentOnly>false</hideElementsInCurrentOnly>
<backgroundColor>-16777216</backgroundColor>
<lineWidth>1</lineWidth>
<points>
<point x="716" y="352"/>
<point x="716" y="455"/>
</points>
</Connector>
<Connector class="oracle.dbtools.crest.swingui.relational.TVFKRelation" oid="4BB3F2C3-88D3-43AA-EEBF-442168BE8A73" otype="FKIndexAssociation" vid_source="AAB88613-DA60-A734-61EA-54C4C5889B3B" vid_target="E3A890DE-A4C2-C26D-87F4-B8830561F64A">
<hideElementsInCurrentOnly>false</hideElementsInCurrentOnly>
<backgroundColor>-16777216</backgroundColor>
<lineWidth>1</lineWidth>
<points>
<point x="1637" y="546"/>
<point x="1128" y="357"/>
</points>
</Connector>
<Connector class="oracle.dbtools.crest.swingui.relational.TVFKRelation" oid="5F3CA7C6-4672-C5AA-48E8-9D1A25D0463F" otype="FKIndexAssociation" vid_source="0B93DDFB-B8E9-2575-E57B-6E53502F36A4" vid_target="0B93DDFB-B8E9-2575-E57B-6E53502F36A4">
<hideElementsInCurrentOnly>false</hideElementsInCurrentOnly>
<backgroundColor>-16777216</backgroundColor>
<lineWidth>1</lineWidth>
<points>
<point x="1117" y="615"/>
<point x="1142" y="615"/>
<point x="1142" y="708"/>
<point x="1047" y="708"/>
<point x="1047" y="695"/>
</points>
</Connector>
<Connector class="oracle.dbtools.crest.swingui.relational.TVFKRelation" oid="6E922BEA-4D66-9BE6-04AC-F4C3E70268F8" otype="FKIndexAssociation" vid_source="AD4C1FBD-7A90-9E3B-106C-CCF6D7E724CF" vid_target="AAB88613-DA60-A734-61EA-54C4C5889B3B">
<hideElementsInCurrentOnly>false</hideElementsInCurrentOnly>
<backgroundColor>-16777216</backgroundColor>
<lineWidth>1</lineWidth>
<points>
<point x="1548" y="422"/>
<point x="1646" y="546"/>
</points>
</Connector>
<Connector class="oracle.dbtools.crest.swingui.relational.TVFKRelation" oid="6EB78D6C-3914-38AD-7C01-80AE12C58C16" otype="FKIndexAssociation" vid_source="DA9FA8F4-5D0F-774D-232C-32A3DA05A714" vid_target="86B6FFB3-D47D-13D5-9EEE-5F65612FEDF8">
<hideElementsInCurrentOnly>false</hideElementsInCurrentOnly>
<backgroundColor>-16777216</backgroundColor>
<lineWidth>1</lineWidth>
<points>
<point x="688" y="110"/>
<point x="979" y="110"/>
</points>
</Connector>
<Connector class="oracle.dbtools.crest.swingui.relational.TVFKRelation" oid="7B4C3782-AF67-2689-B80D-15DAEE42D707" otype="FKIndexAssociation" vid_source="76C7B42B-77F1-A9B6-E158-F59D2E65E919" vid_target="41EC4BA0-6F81-51D2-5301-FEE222027645">
<hideElementsInCurrentOnly>false</hideElementsInCurrentOnly>
<backgroundColor>-16777216</backgroundColor>
<lineWidth>1</lineWidth>
<points>
<point x="396" y="690"/>
<point x="396" y="157"/>
</points>
</Connector>
<Connector class="oracle.dbtools.crest.swingui.relational.TVFKRelation" oid="7E348AAD-BD83-F008-5F30-E2CB51375861" otype="FKIndexAssociation" vid_source="19127369-8A5C-C3A2-E008-E6EB2AD454D6" vid_target="A62DB993-8BA4-AAA0-1CAD-9FE47A68FB33">
<hideElementsInCurrentOnly>false</hideElementsInCurrentOnly>
<backgroundColor>-16777216</backgroundColor>
<lineWidth>1</lineWidth>
<points>
<point x="595" y="510"/>
<point x="670" y="510"/>
</points>
</Connector>
<Connector class="oracle.dbtools.crest.swingui.relational.TVFKRelation" oid="9177D057-CCB3-A1CE-A8C4-DD5C2605F221" otype="FKIndexAssociation" vid_source="86B6FFB3-D47D-13D5-9EEE-5F65612FEDF8" vid_target="2974C731-A34B-6FAA-E70F-8BA0CC6BA7D5">
<hideElementsInCurrentOnly>false</hideElementsInCurrentOnly>
<backgroundColor>-16777216</backgroundColor>
<lineWidth>1</lineWidth>
<points>
<point x="1149" y="83"/>
<point x="1343" y="83"/>
</points>
</Connector>
<Connector class="oracle.dbtools.crest.swingui.relational.TVFKRelation" oid="91F1C098-A125-0C38-5844-2751AED7A92F" otype="FKIndexAssociation" vid_source="0B93DDFB-B8E9-2575-E57B-6E53502F36A4" vid_target="E3A890DE-A4C2-C26D-87F4-B8830561F64A">
<hideElementsInCurrentOnly>false</hideElementsInCurrentOnly>
<backgroundColor>-16777216</backgroundColor>
<lineWidth>1</lineWidth>
<points>
<point x="970" y="519"/>
<point x="970" y="357"/>
</points>
</Connector>
<Connector class="oracle.dbtools.crest.swingui.relational.TVFKRelation" oid="94973C39-3E84-137B-FF42-C7882A4E0770" otype="FKIndexAssociation" vid_source="87F726F6-923E-1F65-5AC3-E0DA85DFF2DB" vid_target="2974C731-A34B-6FAA-E70F-8BA0CC6BA7D5">
<hideElementsInCurrentOnly>false</hideElementsInCurrentOnly>
<backgroundColor>-16777216</backgroundColor>
<lineWidth>1</lineWidth>
<points>
<point x="1580" y="83"/>
<point x="1513" y="83"/>
</points>
</Connector>
<Connector class="oracle.dbtools.crest.swingui.relational.TVFKRelation" oid="98F14987-B6B5-4772-AFC9-F342D175CEF6" otype="FKIndexAssociation" vid_source="16EC3B14-EC9C-301E-A278-AFFA84ED1C51" vid_target="75EFF733-720B-C5C2-1C64-029455991787">
<hideElementsInCurrentOnly>false</hideElementsInCurrentOnly>
<backgroundColor>-16777216</backgroundColor>
<lineWidth>1</lineWidth>
<points>
<point x="213" y="277"/>
<point x="213" y="708"/>
</points>
</Connector>
<Connector class="oracle.dbtools.crest.swingui.relational.TVFKRelation" oid="9B606EF1-C8D3-3856-DEC2-C7DEF7F4B4C5" otype="FKIndexAssociation" vid_source="786E0EDD-8C3A-2CAE-53F8-76B526E793C9" vid_target="A62DB993-8BA4-AAA0-1CAD-9FE47A68FB33">
<hideElementsInCurrentOnly>false</hideElementsInCurrentOnly>
<backgroundColor>-16777216</backgroundColor>
<lineWidth>1</lineWidth>
<points>
<point x="794" y="233"/>
<point x="794" y="455"/>
</points>
</Connector>
<Connector class="oracle.dbtools.crest.swingui.relational.TVFKRelation" oid="C32843BD-F7AD-F0B4-0CF4-C696B9BEEED9" otype="FKIndexAssociation" vid_source="86B6FFB3-D47D-13D5-9EEE-5F65612FEDF8" vid_target="E3A890DE-A4C2-C26D-87F4-B8830561F64A">
<hideElementsInCurrentOnly>false</hideElementsInCurrentOnly>
<backgroundColor>-16777216</backgroundColor>
<lineWidth>1</lineWidth>
<points>
<point x="1053" y="129"/>
<point x="1053" y="153"/>
</points>
</Connector>
<Connector class="oracle.dbtools.crest.swingui.relational.TVFKRelation" oid="C798D132-F5F0-B9FB-2A55-9F5D4AD61083" otype="FKIndexAssociation" vid_source="87F726F6-923E-1F65-5AC3-E0DA85DFF2DB" vid_target="AAB88613-DA60-A734-61EA-54C4C5889B3B">
<hideElementsInCurrentOnly>false</hideElementsInCurrentOnly>
<backgroundColor>-16777216</backgroundColor>
<lineWidth>1</lineWidth>
<points>
<point x="1693" y="129"/>
<point x="1693" y="546"/>
</points>
</Connector>
<Connector class="oracle.dbtools.crest.swingui.relational.TVFKRelation" oid="CB0D4DB5-D0A2-6864-D79C-B00E224BD5F9" otype="FKIndexAssociation" vid_source="0B93DDFB-B8E9-2575-E57B-6E53502F36A4" vid_target="AAB88613-DA60-A734-61EA-54C4C5889B3B">
<hideElementsInCurrentOnly>false</hideElementsInCurrentOnly>
<backgroundColor>-16777216</backgroundColor>
<lineWidth>1</lineWidth>
<points>
<point x="1117" y="591"/>
<point x="1637" y="602"/>
</points>
</Connector>
<Connector class="oracle.dbtools.crest.swingui.relational.TVFKRelation" oid="CE13709A-D2D1-7EC9-487D-7DAD044481DE" otype="FKIndexAssociation" vid_source="76C7B42B-77F1-A9B6-E158-F59D2E65E919" vid_target="0B93DDFB-B8E9-2575-E57B-6E53502F36A4">
<hideElementsInCurrentOnly>false</hideElementsInCurrentOnly>
<backgroundColor>-16777216</backgroundColor>
<lineWidth>1</lineWidth>
<points>
<point x="478" y="692"/>
<point x="947" y="692"/>
</points>
</Connector>
<Connector class="oracle.dbtools.crest.swingui.relational.TVFKRelation" oid="DF793736-62C4-8D97-7865-4E27085FB152" otype="FKIndexAssociation" vid_source="0B93DDFB-B8E9-2575-E57B-6E53502F36A4" vid_target="E3A890DE-A4C2-C26D-87F4-B8830561F64A">
<hideElementsInCurrentOnly>false</hideElementsInCurrentOnly>
<backgroundColor>-16777216</backgroundColor>
<lineWidth>1</lineWidth>
<points>
<point x="1040" y="519"/>
<point x="1041" y="357"/>
</points>
</Connector>
<Connector class="oracle.dbtools.crest.swingui.relational.TVFKRelation" oid="FB3E48D7-EA64-7316-644A-5F50D61C7F7C" otype="FKIndexAssociation" vid_source="19127369-8A5C-C3A2-E008-E6EB2AD454D6" vid_target="DA9FA8F4-5D0F-774D-232C-32A3DA05A714">
<hideElementsInCurrentOnly>false</hideElementsInCurrentOnly>
<backgroundColor>-16777216</backgroundColor>
<lineWidth>1</lineWidth>
<points>
<point x="556" y="450"/>
<point x="556" y="225"/>
</points>
</Connector>
</connectors>
</Diagram>
