<?xml version = '1.0' encoding = 'UTF-8'?>
<Diagram class="oracle.dbtools.crest.swingui.logical.DPVLogical" name="Logical" id="CD88ED23-BFF3-DE57-4377-FE161EF96ECF">
<createdBy>A01-Group14</createdBy>
<modifiedBy>Danniel, Josh &amp; Maurya</modifiedBy>
<createdTime>2022-09-11 10:13:45 UTC</createdTime>
<autoRoute>false</autoRoute>
<boxInbox>true</boxInbox>
<showLegend>true</showLegend>
<showLabels>true</showLabels>
<showRelAttributes>false</showRelAttributes>
<gridEnabled>false</gridEnabled>
<showGrid>false</showGrid>
<diagramColor>-1</diagramColor>
<display>false</display>
<notation>2</notation>
<showAllDetails>false</showAllDetails>
<showElements>true</showElements>
<objectViews>
<OView class="oracle.dbtools.crest.swingui.logical.TVEntity" oid="07FA94B9-2052-69EB-095F-74949414E16D" otype="Entity" vid="54F4EBB7-2AB6-193B-7437-63B9C7E981C2">
<hideElementsInCurrentOnly>false</hideElementsInCurrentOnly>
<bounds x="1580" y="19" width="170" height="110"/>
</OView>
<OView class="oracle.dbtools.crest.swingui.logical.TVEntity" oid="14BEF757-7493-EAFD-CAE0-2053243EF624" otype="Entity" vid="F5F57069-C783-EC48-66A4-714140CB4425">
<hideElementsInCurrentOnly>false</hideElementsInCurrentOnly>
<bounds x="947" y="519" width="170" height="176"/>
</OView>
<OView class="oracle.dbtools.crest.swingui.logical.TVEntity" oid="1611F696-C74A-EA70-DDF4-46F94C85BEE6" otype="Entity" vid="607B66BC-5C30-266B-5DB9-BEA53D5101C3">
<hideElementsInCurrentOnly>false</hideElementsInCurrentOnly>
<bounds x="1637" y="546" width="170" height="189"/>
</OView>
<OView class="oracle.dbtools.crest.swingui.logical.TVEntity" oid="1B569311-47CC-7D2B-116E-E17B3267185D" otype="Entity" vid="8F0CCC94-02C0-916A-3390-7634AC8DFBD5">
<hideElementsInCurrentOnly>false</hideElementsInCurrentOnly>
<bounds x="425" y="450" width="170" height="141"/>
</OView>
<OView class="oracle.dbtools.crest.swingui.logical.TVEntity" oid="37F60107-D7A6-D469-5612-D5A9FFEB6A88" otype="Entity" vid="48F3CB6E-BB1E-EEFB-FE75-589DD8F5ED1A">
<hideElementsInCurrentOnly>false</hideElementsInCurrentOnly>
<bounds x="749" y="123" width="170" height="110"/>
</OView>
<OView class="oracle.dbtools.crest.swingui.logical.TVEntity" oid="45B69508-814A-A487-45A3-50951CBA9EB3" otype="Entity" vid="7E2D27D5-450A-718E-A63E-161F5E56D3A8">
<hideElementsInCurrentOnly>false</hideElementsInCurrentOnly>
<bounds x="202" y="167" width="170" height="110"/>
</OView>
<OView class="oracle.dbtools.crest.swingui.TVLegend" oid="54700F97-48AF-06FB-A08C-F707B7271C26" otype="Legend" vid="1A4606EA-17BC-0365-2CC8-FFCC8E244C4F">
<hideElementsInCurrentOnly>false</hideElementsInCurrentOnly>
<bounds x="10" y="10" width="232" height="135"/>
</OView>
<OView class="oracle.dbtools.crest.swingui.logical.TVEntity" oid="60521AD2-89B2-82C8-02EC-B40729484938" otype="Entity" vid="604C8881-2B36-E03D-053A-8E2D5CA250D6">
<hideElementsInCurrentOnly>false</hideElementsInCurrentOnly>
<bounds x="1343" y="38" width="170" height="110"/>
</OView>
<OView class="oracle.dbtools.crest.swingui.logical.TVEntity" oid="72AAC481-68C0-5577-99A1-139199E9B9A0" otype="Entity" vid="C1F3272B-ED21-157D-9C87-4F8F17A73E42">
<hideElementsInCurrentOnly>false</hideElementsInCurrentOnly>
<bounds x="3" y="309" width="170" height="110"/>
</OView>
<OView class="oracle.dbtools.crest.swingui.logical.TVEntity" oid="7ED0F6E3-00B4-6441-0957-CEB4434EF44B" otype="Entity" vid="538D9811-D171-58BD-E36C-991AF200EB14">
<hideElementsInCurrentOnly>false</hideElementsInCurrentOnly>
<bounds x="1415" y="301" width="170" height="121"/>
</OView>
<OView class="oracle.dbtools.crest.swingui.logical.TVEntity" oid="8910FD0C-98CE-A6F7-3698-CBB6091E44BC" otype="Entity" vid="6B1473AC-974C-4936-CF29-2C9D287B4B83">
<hideElementsInCurrentOnly>false</hideElementsInCurrentOnly>
<bounds x="54" y="708" width="170" height="110"/>
</OView>
<OView class="oracle.dbtools.crest.swingui.logical.TVEntity" oid="A428E56D-23DA-1D48-6D43-2DFFA3033214" otype="Entity" vid="6FA7966E-6D4B-6E4A-5591-523B1685798A">
<hideElementsInCurrentOnly>false</hideElementsInCurrentOnly>
<bounds x="308" y="690" width="170" height="130"/>
</OView>
<OView class="oracle.dbtools.crest.swingui.logical.TVEntity" oid="A5A52278-88F0-DDE7-AFB2-D5D429C68B14" otype="Entity" vid="9B079757-E3F2-B5C3-5C69-FDB7C6647525">
<hideElementsInCurrentOnly>false</hideElementsInCurrentOnly>
<bounds x="518" y="92" width="170" height="133"/>
</OView>
<OView class="oracle.dbtools.crest.swingui.logical.TVEntity" oid="B72D3F7D-AC8A-5A58-F179-7F484D5C239B" otype="Entity" vid="9CC487F8-7740-A93C-3DBD-50544BBAAA93">
<hideElementsInCurrentOnly>false</hideElementsInCurrentOnly>
<bounds x="941" y="153" width="187" height="204"/>
</OView>
<OView class="oracle.dbtools.crest.swingui.logical.TVEntity" oid="C6EDEB3C-7A78-2DA6-95CA-705CCA1902A5" otype="Entity" vid="954C3F05-474C-CBC1-83C4-E098F137A1F0">
<hideElementsInCurrentOnly>false</hideElementsInCurrentOnly>
<bounds x="670" y="455" width="170" height="110"/>
</OView>
<OView class="oracle.dbtools.crest.swingui.logical.TVEntity" oid="CD84FC0B-D040-28C9-8FA7-6B9779B6DFAE" otype="Entity" vid="88BCEF65-20C3-F573-29C4-4C48E3C835DE">
<hideElementsInCurrentOnly>false</hideElementsInCurrentOnly>
<bounds x="314" y="10" width="170" height="147"/>
</OView>
<OView class="oracle.dbtools.crest.swingui.logical.TVEntity" oid="CE52C530-A23E-F676-6D38-3C2EF8340EA6" otype="Entity" vid="5B3B8F71-9CCD-589E-CC0F-84CB01349604">
<hideElementsInCurrentOnly>false</hideElementsInCurrentOnly>
<bounds x="592" y="242" width="170" height="110"/>
</OView>
<OView class="oracle.dbtools.crest.swingui.logical.TVEntity" oid="E302794B-39F3-6A52-E719-795D82971768" otype="Entity" vid="4F37496E-A210-F081-7CC2-5FB2390F1C8F">
<hideElementsInCurrentOnly>false</hideElementsInCurrentOnly>
<bounds x="979" y="19" width="170" height="110"/>
</OView>
</objectViews>
<connectors>
<Connector class="oracle.dbtools.crest.swingui.logical.TVRelation" oid="190AFE03-2D5C-5EC5-8A64-A20F979CBFFA" otype="Relation" vid_source="538D9811-D171-58BD-E36C-991AF200EB14" vid_target="607B66BC-5C30-266B-5DB9-BEA53D5101C3">
<hideElementsInCurrentOnly>false</hideElementsInCurrentOnly>
<backgroundColor>-16777216</backgroundColor>
<lineWidth>1</lineWidth>
<sourceLabel class="oracle.dbtools.crest.model.design.Label">
<site>0</site>
<labelBounds x="1548" y="458" width="71" height="30"/>
<noBackgroundColor>true</noBackgroundColor>
<noForegroundColor>true</noForegroundColor>
</sourceLabel>
<targetLabel class="oracle.dbtools.crest.model.design.Label">
<site>2</site>
<labelBounds x="1646" y="510" width="18" height="30"/>
<noBackgroundColor>true</noBackgroundColor>
<noForegroundColor>true</noForegroundColor>
</targetLabel>
<points>
<point x="1548" y="422"/>
<point x="1646" y="546"/>
</points>
</Connector>
<Connector class="oracle.dbtools.crest.swingui.logical.TVRelation" oid="24CE40AA-61AF-221B-9DEF-994350CC32CD" otype="Relation" vid_source="F5F57069-C783-EC48-66A4-714140CB4425" vid_target="F5F57069-C783-EC48-66A4-714140CB4425">
<hideElementsInCurrentOnly>false</hideElementsInCurrentOnly>
<backgroundColor>-16777216</backgroundColor>
<lineWidth>1</lineWidth>
<sourceLabel class="oracle.dbtools.crest.model.design.Label">
<site>0</site>
<labelBounds x="1142" y="600" width="58" height="30"/>
<noBackgroundColor>true</noBackgroundColor>
<noForegroundColor>true</noForegroundColor>
</sourceLabel>
<targetLabel class="oracle.dbtools.crest.model.design.Label">
<site>2</site>
<labelBounds x="1047" y="695" width="18" height="30"/>
<noBackgroundColor>true</noBackgroundColor>
<noForegroundColor>true</noForegroundColor>
</targetLabel>
<points>
<point x="1117" y="615"/>
<point x="1142" y="615"/>
<point x="1142" y="708"/>
<point x="1047" y="708"/>
<point x="1047" y="695"/>
</points>
</Connector>
<Connector class="oracle.dbtools.crest.swingui.logical.TVRelation" oid="279D50A4-DBDC-0F16-1591-38F4105FD0AC" otype="Relation" vid_source="5B3B8F71-9CCD-589E-CC0F-84CB01349604" vid_target="954C3F05-474C-CBC1-83C4-E098F137A1F0">
<hideElementsInCurrentOnly>false</hideElementsInCurrentOnly>
<backgroundColor>-16777216</backgroundColor>
<lineWidth>1</lineWidth>
<sourceLabel class="oracle.dbtools.crest.model.design.Label">
<site>0</site>
<labelBounds x="716" y="388" width="67" height="30"/>
<noBackgroundColor>true</noBackgroundColor>
<noForegroundColor>true</noForegroundColor>
</sourceLabel>
<targetLabel class="oracle.dbtools.crest.model.design.Label">
<site>2</site>
<labelBounds x="716" y="419" width="18" height="30"/>
<noBackgroundColor>true</noBackgroundColor>
<noForegroundColor>true</noForegroundColor>
</targetLabel>
<points>
<point x="716" y="352"/>
<point x="716" y="455"/>
</points>
</Connector>
<Connector class="oracle.dbtools.crest.swingui.logical.TVRelation" oid="36F2559A-92F9-E4C7-1136-B7C7D6AA92FE" otype="Relation" vid_source="9CC487F8-7740-A93C-3DBD-50544BBAAA93" vid_target="607B66BC-5C30-266B-5DB9-BEA53D5101C3">
<hideElementsInCurrentOnly>false</hideElementsInCurrentOnly>
<backgroundColor>-16777216</backgroundColor>
<lineWidth>1</lineWidth>
<sourceLabel class="oracle.dbtools.crest.model.design.Label">
<site>0</site>
<labelBounds x="1138" y="307" width="71" height="30"/>
<noBackgroundColor>true</noBackgroundColor>
<noForegroundColor>true</noForegroundColor>
</sourceLabel>
<targetLabel class="oracle.dbtools.crest.model.design.Label">
<site>2</site>
<labelBounds x="1613" y="575" width="18" height="30"/>
<noBackgroundColor>true</noBackgroundColor>
<noForegroundColor>true</noForegroundColor>
</targetLabel>
<points>
<point x="1128" y="307"/>
<point x="1637" y="575"/>
</points>
</Connector>
<Connector class="oracle.dbtools.crest.swingui.logical.TVRelation" oid="55AA26E2-564E-11BE-9CC7-C974D399B08A" otype="Relation" vid_source="4F37496E-A210-F081-7CC2-5FB2390F1C8F" vid_target="604C8881-2B36-E03D-053A-8E2D5CA250D6">
<hideElementsInCurrentOnly>false</hideElementsInCurrentOnly>
<backgroundColor>-16777216</backgroundColor>
<lineWidth>1</lineWidth>
<sourceLabel class="oracle.dbtools.crest.model.design.Label">
<site>0</site>
<labelBounds x="1159" y="51" width="43" height="32"/>
<noBackgroundColor>true</noBackgroundColor>
<noForegroundColor>true</noForegroundColor>
</sourceLabel>
<targetLabel class="oracle.dbtools.crest.model.design.Label">
<site>2</site>
<labelBounds x="1319" y="86" width="18" height="30"/>
<noBackgroundColor>true</noBackgroundColor>
<noForegroundColor>true</noForegroundColor>
</targetLabel>
<points>
<point x="1149" y="83"/>
<point x="1343" y="83"/>
</points>
</Connector>
<Connector class="oracle.dbtools.crest.swingui.logical.TVRelation" oid="5825975B-01F3-3CC3-1F7E-657D784A7F7E" otype="Relation" vid_source="C1F3272B-ED21-157D-9C87-4F8F17A73E42" vid_target="6B1473AC-974C-4936-CF29-2C9D287B4B83">
<hideElementsInCurrentOnly>false</hideElementsInCurrentOnly>
<backgroundColor>-16777216</backgroundColor>
<lineWidth>1</lineWidth>
<sourceLabel class="oracle.dbtools.crest.model.design.Label">
<site>0</site>
<labelBounds x="113" y="455" width="67" height="30"/>
<noBackgroundColor>true</noBackgroundColor>
<noForegroundColor>true</noForegroundColor>
</sourceLabel>
<targetLabel class="oracle.dbtools.crest.model.design.Label">
<site>2</site>
<labelBounds x="113" y="672" width="18" height="30"/>
<noBackgroundColor>true</noBackgroundColor>
<noForegroundColor>true</noForegroundColor>
</targetLabel>
<points>
<point x="113" y="419"/>
<point x="113" y="708"/>
</points>
</Connector>
<Connector class="oracle.dbtools.crest.swingui.logical.TVRelation" oid="5A1807EF-8479-5FAE-39CB-59783D466F19" otype="Relation" vid_source="8F0CCC94-02C0-916A-3390-7634AC8DFBD5" vid_target="9B079757-E3F2-B5C3-5C69-FDB7C6647525">
<hideElementsInCurrentOnly>false</hideElementsInCurrentOnly>
<backgroundColor>-16777216</backgroundColor>
<lineWidth>1</lineWidth>
<sourceLabel class="oracle.dbtools.crest.model.design.Label">
<site>0</site>
<labelBounds x="556" y="414" width="74" height="30"/>
<noBackgroundColor>true</noBackgroundColor>
<noForegroundColor>true</noForegroundColor>
</sourceLabel>
<targetLabel class="oracle.dbtools.crest.model.design.Label">
<site>2</site>
<labelBounds x="556" y="261" width="18" height="30"/>
<noBackgroundColor>true</noBackgroundColor>
<noForegroundColor>true</noForegroundColor>
</targetLabel>
<points>
<point x="556" y="450"/>
<point x="556" y="225"/>
</points>
</Connector>
<Connector class="oracle.dbtools.crest.swingui.logical.TVRelation" oid="5A5997C5-6F25-AF1C-C85C-F5CD02869071" otype="Relation" vid_source="6FA7966E-6D4B-6E4A-5591-523B1685798A" vid_target="F5F57069-C783-EC48-66A4-714140CB4425">
<hideElementsInCurrentOnly>false</hideElementsInCurrentOnly>
<backgroundColor>-16777216</backgroundColor>
<lineWidth>1</lineWidth>
<sourceLabel class="oracle.dbtools.crest.model.design.Label">
<site>0</site>
<labelBounds x="488" y="662" width="103" height="30"/>
<noBackgroundColor>true</noBackgroundColor>
<noForegroundColor>true</noForegroundColor>
</sourceLabel>
<targetLabel class="oracle.dbtools.crest.model.design.Label">
<site>2</site>
<labelBounds x="923" y="695" width="18" height="30"/>
<noBackgroundColor>true</noBackgroundColor>
<noForegroundColor>true</noForegroundColor>
</targetLabel>
<points>
<point x="478" y="692"/>
<point x="947" y="692"/>
</points>
</Connector>
<Connector class="oracle.dbtools.crest.swingui.logical.TVRelation" oid="5EAEE662-B6E2-0954-FC1F-85A7EE023AD8" otype="Relation" vid_source="88BCEF65-20C3-F573-29C4-4C48E3C835DE" vid_target="4F37496E-A210-F081-7CC2-5FB2390F1C8F">
<hideElementsInCurrentOnly>false</hideElementsInCurrentOnly>
<backgroundColor>-16777216</backgroundColor>
<lineWidth>1</lineWidth>
<sourceLabel class="oracle.dbtools.crest.model.design.Label">
<site>0</site>
<labelBounds x="494" y="44" width="73" height="30"/>
<noBackgroundColor>true</noBackgroundColor>
<noForegroundColor>true</noForegroundColor>
</sourceLabel>
<targetLabel class="oracle.dbtools.crest.model.design.Label">
<site>2</site>
<labelBounds x="955" y="77" width="18" height="30"/>
<noBackgroundColor>true</noBackgroundColor>
<noForegroundColor>true</noForegroundColor>
</targetLabel>
<points>
<point x="484" y="74"/>
<point x="979" y="74"/>
</points>
</Connector>
<Connector class="oracle.dbtools.crest.swingui.logical.TVRelation" oid="660F3108-192E-9938-03E0-93082C1AE8E2" otype="Relation" vid_source="54F4EBB7-2AB6-193B-7437-63B9C7E981C2" vid_target="604C8881-2B36-E03D-053A-8E2D5CA250D6">
<hideElementsInCurrentOnly>false</hideElementsInCurrentOnly>
<backgroundColor>-16777216</backgroundColor>
<lineWidth>1</lineWidth>
<sourceLabel class="oracle.dbtools.crest.model.design.Label">
<site>0</site>
<labelBounds x="1509" y="53" width="65" height="30"/>
<noBackgroundColor>true</noBackgroundColor>
<noForegroundColor>true</noForegroundColor>
</sourceLabel>
<targetLabel class="oracle.dbtools.crest.model.design.Label">
<site>2</site>
<labelBounds x="1523" y="86" width="18" height="30"/>
<noBackgroundColor>true</noBackgroundColor>
<noForegroundColor>true</noForegroundColor>
</targetLabel>
<points>
<point x="1580" y="83"/>
<point x="1513" y="83"/>
</points>
</Connector>
<Connector class="oracle.dbtools.crest.swingui.logical.TVRelation" oid="76FC8D37-DC63-AC7D-77BB-A145F0829E78" otype="Relation" vid_source="F5F57069-C783-EC48-66A4-714140CB4425" vid_target="607B66BC-5C30-266B-5DB9-BEA53D5101C3">
<hideElementsInCurrentOnly>false</hideElementsInCurrentOnly>
<backgroundColor>-16777216</backgroundColor>
<lineWidth>1</lineWidth>
<sourceLabel class="oracle.dbtools.crest.model.design.Label">
<site>0</site>
<labelBounds x="1127" y="591" width="55" height="33"/>
<noBackgroundColor>true</noBackgroundColor>
<noForegroundColor>true</noForegroundColor>
</sourceLabel>
<targetLabel class="oracle.dbtools.crest.model.design.Label">
<site>2</site>
<labelBounds x="1613" y="602" width="18" height="33"/>
<noBackgroundColor>true</noBackgroundColor>
<noForegroundColor>true</noForegroundColor>
</targetLabel>
<points>
<point x="1117" y="591"/>
<point x="1637" y="602"/>
</points>
</Connector>
<Connector class="oracle.dbtools.crest.swingui.logical.TVRelation" oid="8476ABE7-071C-77D4-9918-69626F46E260" otype="Relation" vid_source="4F37496E-A210-F081-7CC2-5FB2390F1C8F" vid_target="9CC487F8-7740-A93C-3DBD-50544BBAAA93">
<hideElementsInCurrentOnly>false</hideElementsInCurrentOnly>
<backgroundColor>-16777216</backgroundColor>
<lineWidth>1</lineWidth>
<sourceLabel class="oracle.dbtools.crest.model.design.Label">
<site>0</site>
<labelBounds x="1053" y="181" width="75" height="30"/>
<noBackgroundColor>true</noBackgroundColor>
<noForegroundColor>true</noForegroundColor>
</sourceLabel>
<targetLabel class="oracle.dbtools.crest.model.design.Label">
<site>2</site>
<labelBounds x="1053" y="106" width="20" height="33"/>
<noBackgroundColor>true</noBackgroundColor>
<noForegroundColor>true</noForegroundColor>
</targetLabel>
<points>
<point x="1053" y="129"/>
<point x="1053" y="153"/>
</points>
</Connector>
<Connector class="oracle.dbtools.crest.swingui.logical.TVRelation" oid="86716048-A069-D6A4-3560-FDCDA237CE9D" otype="Relation" vid_source="9CC487F8-7740-A93C-3DBD-50544BBAAA93" vid_target="F5F57069-C783-EC48-66A4-714140CB4425">
<hideElementsInCurrentOnly>false</hideElementsInCurrentOnly>
<backgroundColor>-16777216</backgroundColor>
<lineWidth>1</lineWidth>
<sourceLabel class="oracle.dbtools.crest.model.design.Label">
<site>0</site>
<labelBounds x="1040" y="393" width="59" height="30"/>
<noBackgroundColor>true</noBackgroundColor>
<noForegroundColor>true</noForegroundColor>
</sourceLabel>
<targetLabel class="oracle.dbtools.crest.model.design.Label">
<site>2</site>
<labelBounds x="1041" y="483" width="24" height="30"/>
<noBackgroundColor>true</noBackgroundColor>
<noForegroundColor>true</noForegroundColor>
</targetLabel>
<points>
<point x="1040" y="357"/>
<point x="1041" y="519"/>
</points>
</Connector>
<Connector class="oracle.dbtools.crest.swingui.logical.TVRelation" oid="8F5A20E7-F761-EA90-8896-28F639ADBCF3" otype="Relation" vid_source="6FA7966E-6D4B-6E4A-5591-523B1685798A" vid_target="88BCEF65-20C3-F573-29C4-4C48E3C835DE">
<hideElementsInCurrentOnly>false</hideElementsInCurrentOnly>
<backgroundColor>-16777216</backgroundColor>
<lineWidth>1</lineWidth>
<sourceLabel class="oracle.dbtools.crest.model.design.Label">
<site>0</site>
<labelBounds x="396" y="646" width="69" height="30"/>
<noBackgroundColor>true</noBackgroundColor>
<noForegroundColor>true</noForegroundColor>
</sourceLabel>
<targetLabel class="oracle.dbtools.crest.model.design.Label">
<site>2</site>
<labelBounds x="396" y="201" width="18" height="29"/>
<noBackgroundColor>true</noBackgroundColor>
<noForegroundColor>true</noForegroundColor>
</targetLabel>
<points>
<point x="396" y="690"/>
<point x="396" y="157"/>
</points>
</Connector>
<Connector class="oracle.dbtools.crest.swingui.logical.TVRelation" oid="9A7D1B91-D7C7-BA95-9DEB-E5F1E78C10E0" otype="Relation" vid_source="8F0CCC94-02C0-916A-3390-7634AC8DFBD5" vid_target="954C3F05-474C-CBC1-83C4-E098F137A1F0">
<hideElementsInCurrentOnly>false</hideElementsInCurrentOnly>
<backgroundColor>-16777216</backgroundColor>
<lineWidth>1</lineWidth>
<sourceLabel class="oracle.dbtools.crest.model.design.Label">
<site>0</site>
<labelBounds x="605" y="480" width="45" height="30"/>
<noBackgroundColor>true</noBackgroundColor>
<noForegroundColor>true</noForegroundColor>
</sourceLabel>
<targetLabel class="oracle.dbtools.crest.model.design.Label">
<site>2</site>
<labelBounds x="646" y="513" width="18" height="30"/>
<noBackgroundColor>true</noBackgroundColor>
<noForegroundColor>true</noForegroundColor>
</targetLabel>
<points>
<point x="595" y="510"/>
<point x="670" y="510"/>
</points>
</Connector>
<Connector class="oracle.dbtools.crest.swingui.logical.TVRelation" oid="9AE5EB07-0493-54B4-C20B-CC4E9AB7827C" otype="Relation" vid_source="9B079757-E3F2-B5C3-5C69-FDB7C6647525" vid_target="4F37496E-A210-F081-7CC2-5FB2390F1C8F">
<hideElementsInCurrentOnly>false</hideElementsInCurrentOnly>
<backgroundColor>-16777216</backgroundColor>
<lineWidth>1</lineWidth>
<sourceLabel class="oracle.dbtools.crest.model.design.Label">
<site>0</site>
<labelBounds x="698" y="80" width="75" height="30"/>
<noBackgroundColor>true</noBackgroundColor>
<noForegroundColor>true</noForegroundColor>
</sourceLabel>
<targetLabel class="oracle.dbtools.crest.model.design.Label">
<site>2</site>
<labelBounds x="955" y="113" width="18" height="31"/>
<noBackgroundColor>true</noBackgroundColor>
<noForegroundColor>true</noForegroundColor>
</targetLabel>
<points>
<point x="688" y="110"/>
<point x="979" y="110"/>
</points>
</Connector>
<Connector class="oracle.dbtools.crest.swingui.logical.TVRelation" oid="B3EEE8F2-8394-8E95-6357-6B3288F74A79" otype="Relation" vid_source="54F4EBB7-2AB6-193B-7437-63B9C7E981C2" vid_target="607B66BC-5C30-266B-5DB9-BEA53D5101C3">
<hideElementsInCurrentOnly>false</hideElementsInCurrentOnly>
<backgroundColor>-16777216</backgroundColor>
<lineWidth>1</lineWidth>
<sourceLabel class="oracle.dbtools.crest.model.design.Label">
<site>0</site>
<labelBounds x="1693" y="173" width="71" height="30"/>
<noBackgroundColor>true</noBackgroundColor>
<noForegroundColor>true</noForegroundColor>
</sourceLabel>
<targetLabel class="oracle.dbtools.crest.model.design.Label">
<site>2</site>
<labelBounds x="1693" y="486" width="18" height="30"/>
<noBackgroundColor>true</noBackgroundColor>
<noForegroundColor>true</noForegroundColor>
</targetLabel>
<points>
<point x="1693" y="129"/>
<point x="1693" y="546"/>
</points>
</Connector>
<Connector class="oracle.dbtools.crest.swingui.logical.TVRelation" oid="C10B8F3C-C52E-93FA-851F-70EE57A7F5F2" otype="Relation" vid_source="F5F57069-C783-EC48-66A4-714140CB4425" vid_target="9CC487F8-7740-A93C-3DBD-50544BBAAA93">
<hideElementsInCurrentOnly>false</hideElementsInCurrentOnly>
<backgroundColor>-16777216</backgroundColor>
<lineWidth>1</lineWidth>
<sourceLabel class="oracle.dbtools.crest.model.design.Label">
<site>0</site>
<labelBounds x="1106" y="482" width="60" height="31"/>
<noBackgroundColor>true</noBackgroundColor>
<noForegroundColor>true</noForegroundColor>
</sourceLabel>
<targetLabel class="oracle.dbtools.crest.model.design.Label">
<site>2</site>
<labelBounds x="1107" y="394" width="17" height="29"/>
<noBackgroundColor>true</noBackgroundColor>
<noForegroundColor>true</noForegroundColor>
</targetLabel>
<points>
<point x="1106" y="519"/>
<point x="1107" y="357"/>
</points>
</Connector>
<Connector class="oracle.dbtools.crest.swingui.logical.TVRelation" oid="CFD00320-4A95-617E-0E57-8DB1DA723B37" otype="Relation" vid_source="7E2D27D5-450A-718E-A63E-161F5E56D3A8" vid_target="6B1473AC-974C-4936-CF29-2C9D287B4B83">
<hideElementsInCurrentOnly>false</hideElementsInCurrentOnly>
<backgroundColor>-16777216</backgroundColor>
<lineWidth>1</lineWidth>
<sourceLabel class="oracle.dbtools.crest.model.design.Label">
<site>0</site>
<labelBounds x="213" y="313" width="67" height="30"/>
<noBackgroundColor>true</noBackgroundColor>
<noForegroundColor>true</noForegroundColor>
</sourceLabel>
<targetLabel class="oracle.dbtools.crest.model.design.Label">
<site>2</site>
<labelBounds x="213" y="664" width="18" height="30"/>
<noBackgroundColor>true</noBackgroundColor>
<noForegroundColor>true</noForegroundColor>
</targetLabel>
<points>
<point x="213" y="277"/>
<point x="213" y="708"/>
</points>
</Connector>
<Connector class="oracle.dbtools.crest.swingui.logical.TVRelation" oid="D5E8E225-F770-DF7E-06C0-7616B836DE4C" otype="Relation" vid_source="F5F57069-C783-EC48-66A4-714140CB4425" vid_target="9CC487F8-7740-A93C-3DBD-50544BBAAA93">
<hideElementsInCurrentOnly>false</hideElementsInCurrentOnly>
<backgroundColor>-16777216</backgroundColor>
<lineWidth>1</lineWidth>
<sourceLabel class="oracle.dbtools.crest.model.design.Label">
<site>0</site>
<labelBounds x="970" y="451" width="81" height="30"/>
<noBackgroundColor>true</noBackgroundColor>
<noForegroundColor>true</noForegroundColor>
</sourceLabel>
<targetLabel class="oracle.dbtools.crest.model.design.Label">
<site>2</site>
<labelBounds x="970" y="425" width="15" height="30"/>
<noBackgroundColor>true</noBackgroundColor>
<noForegroundColor>true</noForegroundColor>
</targetLabel>
<points>
<point x="970" y="519"/>
<point x="970" y="357"/>
</points>
</Connector>
<Connector class="oracle.dbtools.crest.swingui.logical.TVRelation" oid="F24F691B-E35A-F076-169E-C9B0338E9284" otype="Relation" vid_source="48F3CB6E-BB1E-EEFB-FE75-589DD8F5ED1A" vid_target="954C3F05-474C-CBC1-83C4-E098F137A1F0">
<hideElementsInCurrentOnly>false</hideElementsInCurrentOnly>
<backgroundColor>-16777216</backgroundColor>
<lineWidth>1</lineWidth>
<sourceLabel class="oracle.dbtools.crest.model.design.Label">
<site>0</site>
<labelBounds x="794" y="269" width="67" height="30"/>
<noBackgroundColor>true</noBackgroundColor>
<noForegroundColor>true</noForegroundColor>
</sourceLabel>
<targetLabel class="oracle.dbtools.crest.model.design.Label">
<site>2</site>
<labelBounds x="794" y="403" width="18" height="30"/>
<noBackgroundColor>true</noBackgroundColor>
<noForegroundColor>true</noForegroundColor>
</targetLabel>
<points>
<point x="794" y="233"/>
<point x="794" y="455"/>
</points>
</Connector>
<Connector class="oracle.dbtools.crest.swingui.logical.TVRelation" oid="FF8116E0-031C-E5CB-F481-E885557B977D" otype="Relation" vid_source="6FA7966E-6D4B-6E4A-5591-523B1685798A" vid_target="6B1473AC-974C-4936-CF29-2C9D287B4B83">
<hideElementsInCurrentOnly>false</hideElementsInCurrentOnly>
<backgroundColor>-16777216</backgroundColor>
<lineWidth>1</lineWidth>
<sourceLabel class="oracle.dbtools.crest.model.design.Label">
<site>0</site>
<labelBounds x="247" y="730" width="55" height="33"/>
<noBackgroundColor>true</noBackgroundColor>
<noForegroundColor>true</noForegroundColor>
</sourceLabel>
<targetLabel class="oracle.dbtools.crest.model.design.Label">
<site>2</site>
<labelBounds x="234" y="766" width="16" height="33"/>
<noBackgroundColor>true</noBackgroundColor>
<noForegroundColor>true</noForegroundColor>
</targetLabel>
<points>
<point x="308" y="763"/>
<point x="224" y="763"/>
</points>
</Connector>
</connectors>
</Diagram>
