<?xml version = '1.0' encoding = 'UTF-8'?>
<Table class="oracle.dbtools.crest.model.design.relational.Table" directorySegmentName="seg_0" id="189CC5B9-F116-BC33-23E0-FA099D02C2E9" name="TRAILER">
<createdBy>Luigi</createdBy>
<createdTime>2022-09-15 03:10:24 UTC</createdTime>
<generatorID>A5A52278-88F0-DDE7-AFB2-D5D429C68B14</generatorID>
<ownerDesignName>monh_oraclemodel</ownerDesignName>
<allowColumnReorder>false</allowColumnReorder>
<existDependencyGenerateInDDl>true</existDependencyGenerateInDDl>
<parsed>true</parsed>
<columns itemClass="oracle.dbtools.crest.model.design.relational.Column">
<Column name="trailer_code" id="3FCEB555-1855-0D16-0097-42532618BC0A">
<createdBy>Luigi</createdBy>
<createdTime>2022-09-15 03:10:24 UTC</createdTime>
<commentInRDBMS><![CDATA[The unique five-character-code identifier for the trailer.]]></commentInRDBMS>
<generatorID>3F606052-6791-C358-8C28-71F8CBCF0734</generatorID>
<ownerDesignName>monh_oraclemodel</ownerDesignName>
<useDomainConstraints>false</useDomainConstraints>
<use>1</use>
<logicalDatatype>LOGDT025</logicalDatatype>
<dataTypeSize>5</dataTypeSize>
<ownDataTypeParameters>5,,</ownDataTypeParameters>
<autoIncrementCycle>false</autoIncrementCycle>
</Column>
<Column name="trailer_purchase_cost" id="DC2B26CB-FA0E-4D0D-20DA-6AD872450D69">
<createdBy>Luigi</createdBy>
<createdTime>2022-09-15 03:10:24 UTC</createdTime>
<commentInRDBMS><![CDATA[The dollar cost of purchase for the trailer.]]></commentInRDBMS>
<generatorID>8C31E883-F244-5400-D3AB-599C79AF398C</generatorID>
<ownerDesignName>monh_oraclemodel</ownerDesignName>
<useDomainConstraints>false</useDomainConstraints>
<use>1</use>
<logicalDatatype>LOGDT019</logicalDatatype>
<dataTypePrecision>8</dataTypePrecision>
<dataTypeScale>2</dataTypeScale>
<ownDataTypeParameters>,8,2</ownDataTypeParameters>
<autoIncrementCycle>false</autoIncrementCycle>
</Column>
<Column name="trailer_purchase_date" id="87C275FF-8826-3641-B9AF-94225DA46636">
<createdBy>Luigi</createdBy>
<createdTime>2022-09-15 03:10:24 UTC</createdTime>
<commentInRDBMS><![CDATA[The date on which the trailer was purchased.]]></commentInRDBMS>
<generatorID>ACFF594A-3DE7-AF81-93C9-24F149102D65</generatorID>
<ownerDesignName>monh_oraclemodel</ownerDesignName>
<useDomainConstraints>false</useDomainConstraints>
<use>1</use>
<logicalDatatype>LOGDT007</logicalDatatype>
<ownDataTypeParameters>,,</ownDataTypeParameters>
<autoIncrementCycle>false</autoIncrementCycle>
</Column>
<Column name="trailer_load_cap" id="C7543102-8E5A-F16D-81A1-43983655C381">
<createdBy>Luigi</createdBy>
<createdTime>2022-09-15 03:10:24 UTC</createdTime>
<commentInRDBMS><![CDATA[The load capacitiy (in kilograms) of the trailer.]]></commentInRDBMS>
<generatorID>520F8819-1B96-37AC-0274-141E40E87E90</generatorID>
<ownerDesignName>monh_oraclemodel</ownerDesignName>
<useDomainConstraints>false</useDomainConstraints>
<use>1</use>
<logicalDatatype>LOGDT019</logicalDatatype>
<dataTypePrecision>5</dataTypePrecision>
<ownDataTypeParameters>,5,</ownDataTypeParameters>
<autoIncrementCycle>false</autoIncrementCycle>
</Column>
<Column name="trailer_dimensions" id="8225A996-BFB6-2A7C-C3BB-40641F71EB54">
<createdBy>Luigi</createdBy>
<createdTime>2022-09-15 03:10:24 UTC</createdTime>
<commentInRDBMS><![CDATA[The dimensions (LxW) (in metres) of the trailer.]]></commentInRDBMS>
<generatorID>D5A9E655-1BF2-EEDF-A42A-61BB5967D692</generatorID>
<ownerDesignName>monh_oraclemodel</ownerDesignName>
<useDomainConstraints>false</useDomainConstraints>
<use>1</use>
<logicalDatatype>LOGDT025</logicalDatatype>
<dataTypeSize>11</dataTypeSize>
<ownDataTypeParameters>11,,</ownDataTypeParameters>
<autoIncrementCycle>false</autoIncrementCycle>
</Column>
<Column name="trailclass_code" id="D940C678-2A4C-8143-6C7E-2ACD894CE6D8">
<createdBy>Luigi</createdBy>
<createdTime>2022-09-15 03:10:24 UTC</createdTime>
<commentInRDBMS><![CDATA[The unique code of the trailer class.]]></commentInRDBMS>
<generatorID>359EEF69-43CA-0D69-FE15-F616EAB860B7</generatorID>
<ownerDesignName>monh_oraclemodel</ownerDesignName>
<useDomainConstraints>false</useDomainConstraints>
<use>1</use>
<logicalDatatype>LOGDT024</logicalDatatype>
<dataTypeSize>3</dataTypeSize>
<ownDataTypeParameters>,,</ownDataTypeParameters>
<previousColumn>false</previousColumn>
<autoIncrementCycle>false</autoIncrementCycle>
<associations>
<colAssociation fkAssociation="D1C64E54-84FA-22EE-DC79-F46C9DFDBCB5" referredColumn="95A06DA9-AEFC-95F3-5083-F3F3E277CC1B"/>
</associations>
</Column>
</columns>
<indexes itemClass="oracle.dbtools.crest.model.design.relational.Index">
<ind_PK_UK id="A14A8FEC-67D1-87D6-A008-F5848586E671" name="TRAILER_PK">
<createdBy>Luigi</createdBy>
<createdTime>2022-09-15 03:10:24 UTC</createdTime>
<generatorID>7482EFB5-5EA4-2E9E-A044-3A4ACD5FC5F0</generatorID>
<ownerDesignName>monh_oraclemodel</ownerDesignName>
<pk>true</pk>
<indexState>Primary Constraint</indexState>
<isSurrogateKey>false</isSurrogateKey>
<indexColumnUsage>
<colUsage columnID="3FCEB555-1855-0D16-0097-42532618BC0A"/>
</indexColumnUsage>
</ind_PK_UK>
<ind_PK_UK id="DDBE381E-F10B-A573-241C-0D13D6E640A3" name="TRAILERCLASS_TRAILER">
<createdBy>Luigi</createdBy>
<createdTime>2022-09-15 03:10:24 UTC</createdTime>
<generatorID>5A1807EF-8479-5FAE-39CB-59783D466F19</generatorID>
<ownerDesignName>monh_oraclemodel</ownerDesignName>
<indexState>Foreign Key</indexState>
<isSurrogateKey>false</isSurrogateKey>
<indexColumnUsage>
<colUsage columnID="D940C678-2A4C-8143-6C7E-2ACD894CE6D8"/>
</indexColumnUsage>
</ind_PK_UK>
</indexes>
</Table>
