<?xml version = '1.0' encoding = 'UTF-8'?>
<Table class="oracle.dbtools.crest.model.design.relational.Table" directorySegmentName="seg_0" id="1B4E6CB1-4B9F-A298-7BFE-2A40F8E87320" name="COMBO">
<createdBy>Luigi</createdBy>
<createdTime>2022-09-14 07:03:30 UTC</createdTime>
<generatorID>E302794B-39F3-6A52-E719-795D82971768</generatorID>
<ownerDesignName>monh_oraclemodel</ownerDesignName>
<allowColumnReorder>false</allowColumnReorder>
<existDependencyGenerateInDDl>true</existDependencyGenerateInDDl>
<parsed>true</parsed>
<columns itemClass="oracle.dbtools.crest.model.design.relational.Column">
<Column name="combo_code" id="2DE368B9-215B-361B-3803-2BCBEB9D0AD3">
<createdBy>Luigi</createdBy>
<createdTime>2022-09-14 07:03:30 UTC</createdTime>
<commentInRDBMS><![CDATA[The unique identification code (prefixed with the letter "C") for the truck and trailer combo.]]></commentInRDBMS>
<generatorID>0E02EBFE-1CBC-F03D-D750-79A53612D8C6</generatorID>
<ownerDesignName>monh_oraclemodel</ownerDesignName>
<useDomainConstraints>false</useDomainConstraints>
<use>1</use>
<logicalDatatype>LOGDT025</logicalDatatype>
<dataTypeSize>3</dataTypeSize>
<ownDataTypeParameters>3,,</ownDataTypeParameters>
<autoIncrementCycle>false</autoIncrementCycle>
</Column>
<Column name="truck_vin" id="7F02F906-95B7-EEFB-CFB3-CF26A2E80DFD">
<createdBy>Luigi</createdBy>
<createdTime>2022-09-14 07:03:30 UTC</createdTime>
<commentInRDBMS><![CDATA[The unique vehicle identification number (VIN) of the truck.]]></commentInRDBMS>
<generatorID>30B42D7C-2448-577B-30D3-26777A559492</generatorID>
<ownerDesignName>monh_oraclemodel</ownerDesignName>
<useDomainConstraints>false</useDomainConstraints>
<use>1</use>
<logicalDatatype>LOGDT025</logicalDatatype>
<dataTypeSize>17</dataTypeSize>
<ownDataTypeParameters>,,</ownDataTypeParameters>
<previousColumn>false</previousColumn>
<autoIncrementCycle>false</autoIncrementCycle>
<associations>
<colAssociation fkAssociation="25E5261A-A88D-2BA3-6D75-3E1C3C47577B" referredColumn="A3ABE427-82BC-4417-0CDD-66006B8FB9FB"/>
</associations>
</Column>
<Column name="trailer_code" id="649181D3-3A95-B56B-91C7-5B079B22C45C">
<createdBy>Luigi</createdBy>
<createdTime>2022-09-14 07:03:30 UTC</createdTime>
<commentInRDBMS><![CDATA[The unique five-character-code identifier for the trailer.]]></commentInRDBMS>
<generatorID>E3490ECC-78DD-2747-32B3-23336EB31F7F</generatorID>
<ownerDesignName>monh_oraclemodel</ownerDesignName>
<useDomainConstraints>false</useDomainConstraints>
<use>1</use>
<logicalDatatype>LOGDT025</logicalDatatype>
<dataTypeSize>5</dataTypeSize>
<ownDataTypeParameters>,,</ownDataTypeParameters>
<previousColumn>false</previousColumn>
<autoIncrementCycle>false</autoIncrementCycle>
<associations>
<colAssociation fkAssociation="6EB78D6C-3914-38AD-7C01-80AE12C58C16" referredColumn="6B8CBD27-E70D-BC3D-893B-7F5AF941A61E"/>
</associations>
</Column>
</columns>
<indexes itemClass="oracle.dbtools.crest.model.design.relational.Index">
<ind_PK_UK id="B6E72B08-BF6C-7AA4-0E86-7EA86D17EB39" name="COMBO_PK">
<createdBy>Luigi</createdBy>
<createdTime>2022-09-14 07:03:30 UTC</createdTime>
<generatorID>B2636934-338B-9F80-43AE-B18685E1A16D</generatorID>
<ownerDesignName>monh_oraclemodel</ownerDesignName>
<pk>true</pk>
<indexState>Primary Constraint</indexState>
<isSurrogateKey>false</isSurrogateKey>
<indexColumnUsage>
<colUsage columnID="2DE368B9-215B-361B-3803-2BCBEB9D0AD3"/>
</indexColumnUsage>
</ind_PK_UK>
<ind_PK_UK id="98D2BF7D-FE49-FCF6-66D8-8C8C395C9DCA" name="TRAILER_COMBO">
<createdBy>Luigi</createdBy>
<createdTime>2022-09-14 07:03:30 UTC</createdTime>
<generatorID>9AE5EB07-0493-54B4-C20B-CC4E9AB7827C</generatorID>
<ownerDesignName>monh_oraclemodel</ownerDesignName>
<indexState>Foreign Key</indexState>
<isSurrogateKey>false</isSurrogateKey>
<indexColumnUsage>
<colUsage columnID="649181D3-3A95-B56B-91C7-5B079B22C45C"/>
</indexColumnUsage>
</ind_PK_UK>
<ind_PK_UK id="56B86A44-D3BB-2C8D-84E7-6B6AABB72BCC" name="TRUCK_COMBO">
<createdBy>Luigi</createdBy>
<createdTime>2022-09-14 07:03:30 UTC</createdTime>
<generatorID>5EAEE662-B6E2-0954-FC1F-85A7EE023AD8</generatorID>
<ownerDesignName>monh_oraclemodel</ownerDesignName>
<indexState>Foreign Key</indexState>
<isSurrogateKey>false</isSurrogateKey>
<indexColumnUsage>
<colUsage columnID="7F02F906-95B7-EEFB-CFB3-CF26A2E80DFD"/>
</indexColumnUsage>
</ind_PK_UK>
</indexes>
</Table>
