<?xml version = '1.0' encoding = 'UTF-8'?>
<Table class="oracle.dbtools.crest.model.design.relational.Table" directorySegmentName="seg_0" id="42B20407-CF79-BF57-C5B8-ADF87631B608" name="CUSTOMER">
<createdBy>Luigi</createdBy>
<createdTime>2022-09-14 07:03:30 UTC</createdTime>
<generatorID>7ED0F6E3-00B4-6441-0957-CEB4434EF44B</generatorID>
<ownerDesignName>monh_oraclemodel</ownerDesignName>
<allowColumnReorder>false</allowColumnReorder>
<existDependencyGenerateInDDl>true</existDependencyGenerateInDDl>
<parsed>true</parsed>
<columns itemClass="oracle.dbtools.crest.model.design.relational.Column">
<Column name="cust_no" id="2E397A0A-623A-58DF-6013-4F1C6F19172F">
<createdBy>Luigi</createdBy>
<createdTime>2022-09-14 07:03:30 UTC</createdTime>
<commentInRDBMS><![CDATA[The unique identification number the customer.]]></commentInRDBMS>
<generatorID>4FE78590-14F9-B7F5-27BF-C8C4A6138E7B</generatorID>
<ownerDesignName>monh_oraclemodel</ownerDesignName>
<useDomainConstraints>false</useDomainConstraints>
<use>1</use>
<logicalDatatype>LOGDT019</logicalDatatype>
<dataTypePrecision>7</dataTypePrecision>
<ownDataTypeParameters>,7,</ownDataTypeParameters>
<autoIncrementCycle>false</autoIncrementCycle>
</Column>
<Column name="cust_famname" id="703BE7A3-6A40-F821-DCBF-EAC7950F0470">
<createdBy>Luigi</createdBy>
<createdTime>2022-09-14 07:03:30 UTC</createdTime>
<commentInRDBMS><![CDATA[The family name of the customer.]]></commentInRDBMS>
<generatorID>AE1E25B0-8A3F-7C64-7D4E-BE1EDBE30A98</generatorID>
<ownerDesignName>monh_oraclemodel</ownerDesignName>
<useDomainConstraints>false</useDomainConstraints>
<use>1</use>
<logicalDatatype>LOGDT024</logicalDatatype>
<dataTypeSize>50</dataTypeSize>
<ownDataTypeParameters>50,,</ownDataTypeParameters>
<autoIncrementCycle>false</autoIncrementCycle>
</Column>
<Column name="cust_givname" id="CC6314C9-D1DC-B758-1B6C-A02CBF4BF901">
<createdBy>Luigi</createdBy>
<createdTime>2022-09-14 07:03:30 UTC</createdTime>
<commentInRDBMS><![CDATA[The given name of the customer.]]></commentInRDBMS>
<generatorID>53783623-A75E-1292-5D69-793A42CE6282</generatorID>
<ownerDesignName>monh_oraclemodel</ownerDesignName>
<useDomainConstraints>false</useDomainConstraints>
<use>1</use>
<logicalDatatype>LOGDT024</logicalDatatype>
<dataTypeSize>50</dataTypeSize>
<ownDataTypeParameters>50,,</ownDataTypeParameters>
<autoIncrementCycle>false</autoIncrementCycle>
</Column>
<Column name="cust_busname" id="CEBD13C9-3A02-98AB-5693-E14026ED87DA">
<createdBy>Luigi</createdBy>
<createdTime>2022-09-14 07:03:30 UTC</createdTime>
<commentInRDBMS><![CDATA[The business name of the customer (if applicable).]]></commentInRDBMS>
<generatorID>C97E1CE7-45B2-AF7C-8A6C-2832D907C1BB</generatorID>
<ownerDesignName>monh_oraclemodel</ownerDesignName>
<nullsAllowed>true</nullsAllowed>
<useDomainConstraints>false</useDomainConstraints>
<use>1</use>
<logicalDatatype>LOGDT024</logicalDatatype>
<dataTypeSize>50</dataTypeSize>
<ownDataTypeParameters>50,,</ownDataTypeParameters>
<autoIncrementCycle>false</autoIncrementCycle>
</Column>
<Column name="cust_address" id="14764783-9B40-1880-93A9-EDAE9DE867EF">
<createdBy>Luigi</createdBy>
<createdTime>2022-09-14 07:03:30 UTC</createdTime>
<commentInRDBMS><![CDATA[The address of the customer.]]></commentInRDBMS>
<generatorID>8641BCB9-48D0-5FD2-EC3B-FE0BE24A3DF1</generatorID>
<ownerDesignName>monh_oraclemodel</ownerDesignName>
<useDomainConstraints>false</useDomainConstraints>
<use>1</use>
<logicalDatatype>LOGDT024</logicalDatatype>
<dataTypeSize>100</dataTypeSize>
<ownDataTypeParameters>100,,</ownDataTypeParameters>
<autoIncrementCycle>false</autoIncrementCycle>
</Column>
<Column name="cust_contact_no" id="4B89A6E9-C822-5FD9-3489-A75B61F3CD95">
<createdBy>Luigi</createdBy>
<createdTime>2022-09-14 07:03:30 UTC</createdTime>
<commentInRDBMS><![CDATA[The contact number of the customer.]]></commentInRDBMS>
<generatorID>2FFBB022-D455-5F92-C4AD-DADD837116E6</generatorID>
<ownerDesignName>monh_oraclemodel</ownerDesignName>
<useDomainConstraints>false</useDomainConstraints>
<use>1</use>
<logicalDatatype>LOGDT025</logicalDatatype>
<dataTypeSize>10</dataTypeSize>
<ownDataTypeParameters>10,,</ownDataTypeParameters>
<autoIncrementCycle>false</autoIncrementCycle>
</Column>
</columns>
<indexes itemClass="oracle.dbtools.crest.model.design.relational.Index">
<ind_PK_UK id="8186501F-1A4C-5CF2-181B-D462F8C0985D" name="CUSTOMER_PK">
<createdBy>Luigi</createdBy>
<createdTime>2022-09-14 07:03:30 UTC</createdTime>
<generatorID>1651C4F4-5856-BDA3-5487-C98B7B328976</generatorID>
<ownerDesignName>monh_oraclemodel</ownerDesignName>
<pk>true</pk>
<indexState>Primary Constraint</indexState>
<isSurrogateKey>false</isSurrogateKey>
<indexColumnUsage>
<colUsage columnID="2E397A0A-623A-58DF-6013-4F1C6F19172F"/>
</indexColumnUsage>
</ind_PK_UK>
</indexes>
</Table>
