<?xml version = '1.0' encoding = 'UTF-8'?>
<Table class="oracle.dbtools.crest.model.design.relational.Table" directorySegmentName="seg_0" id="5777199E-B3CC-92D6-59E9-AE7531AEE463" name="TRAILERCLASS">
<createdBy>Luigi</createdBy>
<createdTime>2022-09-14 07:03:30 UTC</createdTime>
<generatorID>1B569311-47CC-7D2B-116E-E17B3267185D</generatorID>
<ownerDesignName>monh_oraclemodel</ownerDesignName>
<allowColumnReorder>false</allowColumnReorder>
<existDependencyGenerateInDDl>true</existDependencyGenerateInDDl>
<parsed>true</parsed>
<columns itemClass="oracle.dbtools.crest.model.design.relational.Column">
<Column name="trailclass_id" id="875C8ED6-D783-C5AB-BE07-4CE35C8A145C">
<createdBy>Luigi</createdBy>
<createdTime>2022-09-14 07:03:30 UTC</createdTime>
<commentInRDBMS><![CDATA[the id of the trailer's class (surrogate primary key)]]></commentInRDBMS>
<generatorID>60646F99-4EC0-CF02-492F-2B6F2FAD8D6C</generatorID>
<ownerDesignName>monh_oraclemodel</ownerDesignName>
<useDomainConstraints>false</useDomainConstraints>
<use>1</use>
<logicalDatatype>LOGDT019</logicalDatatype>
<dataTypePrecision>4</dataTypePrecision>
<ownDataTypeParameters>,4,</ownDataTypeParameters>
<autoIncrementCycle>false</autoIncrementCycle>
</Column>
<Column name="trailclass_daily_hire_rate" id="4C07E4FD-639B-B745-45B5-DA7422DEF2B5">
<createdBy>Luigi</createdBy>
<createdTime>2022-09-14 07:03:30 UTC</createdTime>
<commentInRDBMS><![CDATA[The daily hire rate of a trailer that is determined by the trailer class.]]></commentInRDBMS>
<generatorID>4F839D1B-A95B-B257-9931-7F31B09FB23A</generatorID>
<ownerDesignName>monh_oraclemodel</ownerDesignName>
<useDomainConstraints>false</useDomainConstraints>
<use>1</use>
<logicalDatatype>LOGDT019</logicalDatatype>
<dataTypePrecision>5</dataTypePrecision>
<dataTypeScale>2</dataTypeScale>
<ownDataTypeParameters>,5,2</ownDataTypeParameters>
<autoIncrementCycle>false</autoIncrementCycle>
</Column>
<Column name="trailclass_code" id="BD9A72CE-AFAB-0CEC-BFA6-841CD376487F">
<createdBy>Luigi</createdBy>
<createdTime>2022-09-14 07:03:30 UTC</createdTime>
<commentInRDBMS><![CDATA[The "code" name of the trailer class.]]></commentInRDBMS>
<generatorID>73E09BC1-5437-928A-0603-5CEA57B5DF27</generatorID>
<ownerDesignName>monh_oraclemodel</ownerDesignName>
<useDomainConstraints>false</useDomainConstraints>
<use>1</use>
<logicalDatatype>LOGDT024</logicalDatatype>
<dataTypeSize>3</dataTypeSize>
<ownDataTypeParameters>3,,</ownDataTypeParameters>
<autoIncrementCycle>false</autoIncrementCycle>
</Column>
</columns>
<indexes itemClass="oracle.dbtools.crest.model.design.relational.Index">
<ind_PK_UK id="31074304-878C-BE87-CD07-A83884C5972F" name="TRAILERCLASS_PK">
<createdBy>Luigi</createdBy>
<createdTime>2022-09-14 07:03:30 UTC</createdTime>
<generatorID>872E9EB7-222F-CA64-9755-0EECD87A9906</generatorID>
<ownerDesignName>monh_oraclemodel</ownerDesignName>
<pk>true</pk>
<indexState>Primary Constraint</indexState>
<isSurrogateKey>false</isSurrogateKey>
<indexColumnUsage>
<colUsage columnID="875C8ED6-D783-C5AB-BE07-4CE35C8A145C"/>
</indexColumnUsage>
</ind_PK_UK>
<ind_PK_UK id="405737F4-B568-CACD-EA90-9C16794A9009" name="TRAILERCLASS_NK">
<createdBy>Luigi</createdBy>
<createdTime>2022-09-14 07:03:30 UTC</createdTime>
<generatorID>1300B5E5-7E69-F291-F447-133C397CC7A7</generatorID>
<ownerDesignName>monh_oraclemodel</ownerDesignName>
<indexState>Unique Constraint</indexState>
<isSurrogateKey>false</isSurrogateKey>
</ind_PK_UK>
</indexes>
</Table>
