<?xml version = '1.0' encoding = 'UTF-8'?>
<Table class="oracle.dbtools.crest.model.design.relational.Table" directorySegmentName="seg_0" id="69016C3D-EF82-FF5D-585B-F492C149FAAA" name="COMBO_PURPOSE">
<createdBy>Luigi</createdBy>
<createdTime>2022-09-15 03:10:24 UTC</createdTime>
<generatorID>60521AD2-89B2-82C8-02EC-B40729484938</generatorID>
<ownerDesignName>monh_oraclemodel</ownerDesignName>
<allowColumnReorder>false</allowColumnReorder>
<existDependencyGenerateInDDl>true</existDependencyGenerateInDDl>
<parsed>true</parsed>
<columns itemClass="oracle.dbtools.crest.model.design.relational.Column">
<Column name="combpurp_id" id="CA11B605-C379-596C-1D17-80F62CD8C49C">
<createdBy>Luigi</createdBy>
<createdTime>2022-09-15 03:10:24 UTC</createdTime>
<commentInRDBMS><![CDATA[The unique identifier for the combo purpose (surrogate primary key).]]></commentInRDBMS>
<generatorID>FAF25663-3DE9-CF15-2FCC-C18942333CF2</generatorID>
<ownerDesignName>monh_oraclemodel</ownerDesignName>
<useDomainConstraints>false</useDomainConstraints>
<use>1</use>
<logicalDatatype>LOGDT019</logicalDatatype>
<dataTypePrecision>4</dataTypePrecision>
<ownDataTypeParameters>,4,</ownDataTypeParameters>
<autoIncrementCycle>false</autoIncrementCycle>
</Column>
<Column name="purpose_no" id="A0FC10F3-8FC4-F338-AA77-24C688B8173E">
<createdBy>Luigi</createdBy>
<createdTime>2022-09-15 03:10:24 UTC</createdTime>
<commentInRDBMS><![CDATA[The unique identification number (prefixed with the letter "P") for the truck and trailer usage purpose.]]></commentInRDBMS>
<generatorID>FF28978D-11A4-8A89-F190-C38FB366FA14</generatorID>
<ownerDesignName>monh_oraclemodel</ownerDesignName>
<useDomainConstraints>false</useDomainConstraints>
<use>1</use>
<logicalDatatype>LOGDT025</logicalDatatype>
<dataTypeSize>3</dataTypeSize>
<ownDataTypeParameters>,,</ownDataTypeParameters>
<previousColumn>false</previousColumn>
<autoIncrementCycle>false</autoIncrementCycle>
<associations>
<colAssociation fkAssociation="3C87AA46-3272-7531-F01C-ADA60A77808F" referredColumn="87F4F8E8-BD02-F80B-8CCF-39E3C51E2313"/>
</associations>
</Column>
<Column name="combo_code" id="4D449B4F-175C-8126-3466-B3BB5D4925BA">
<createdBy>Luigi</createdBy>
<createdTime>2022-09-15 03:10:24 UTC</createdTime>
<commentInRDBMS><![CDATA[The unique identification code (prefixed with the letter "C") for the truck and trailer combo.]]></commentInRDBMS>
<generatorID>2BFFC69F-6843-EAAD-56B5-FBF114058D87</generatorID>
<ownerDesignName>monh_oraclemodel</ownerDesignName>
<useDomainConstraints>false</useDomainConstraints>
<use>1</use>
<logicalDatatype>LOGDT025</logicalDatatype>
<dataTypeSize>3</dataTypeSize>
<ownDataTypeParameters>,,</ownDataTypeParameters>
<previousColumn>false</previousColumn>
<autoIncrementCycle>false</autoIncrementCycle>
<associations>
<colAssociation fkAssociation="1719647A-5739-85B1-1AC0-EF8E3685904E" referredColumn="5347A951-6D6E-6D8C-483A-2AA6B57D5484"/>
</associations>
</Column>
</columns>
<indexes itemClass="oracle.dbtools.crest.model.design.relational.Index">
<ind_PK_UK id="3A49CAAB-BE50-9716-5EA9-01D71F7D86A1" name="COMBO_PURPOSE_PK">
<createdBy>Luigi</createdBy>
<createdTime>2022-09-15 03:10:24 UTC</createdTime>
<generatorID>4EC09D05-321B-8A01-4D71-7076DB962F2F</generatorID>
<ownerDesignName>monh_oraclemodel</ownerDesignName>
<pk>true</pk>
<indexState>Primary Constraint</indexState>
<isSurrogateKey>false</isSurrogateKey>
<indexColumnUsage>
<colUsage columnID="CA11B605-C379-596C-1D17-80F62CD8C49C"/>
</indexColumnUsage>
</ind_PK_UK>
<ind_PK_UK id="D83A42EB-EFBE-37B7-1350-FF9484470AC3" name="COMBO_PURPOSE_NK">
<createdBy>Luigi</createdBy>
<createdTime>2022-09-15 03:10:24 UTC</createdTime>
<generatorID>24282B38-DBBE-B55F-F183-D540817E6FF4</generatorID>
<ownerDesignName>monh_oraclemodel</ownerDesignName>
<indexState>Unique Constraint</indexState>
<isSurrogateKey>false</isSurrogateKey>
<indexColumnUsage>
<colUsage columnID="A0FC10F3-8FC4-F338-AA77-24C688B8173E"/>
<colUsage columnID="4D449B4F-175C-8126-3466-B3BB5D4925BA"/>
</indexColumnUsage>
</ind_PK_UK>
<ind_PK_UK id="F4C8F316-E36A-9496-6C7A-41538A1429C7" name="COMBO_COMBO_PURPOSE">
<createdBy>Luigi</createdBy>
<createdTime>2022-09-15 03:10:24 UTC</createdTime>
<generatorID>55AA26E2-564E-11BE-9CC7-C974D399B08A</generatorID>
<ownerDesignName>monh_oraclemodel</ownerDesignName>
<indexState>Foreign Key</indexState>
<isSurrogateKey>false</isSurrogateKey>
<indexColumnUsage>
<colUsage columnID="4D449B4F-175C-8126-3466-B3BB5D4925BA"/>
</indexColumnUsage>
</ind_PK_UK>
<ind_PK_UK id="D8C1A6C3-02AE-685B-9941-A36E9138DDA1" name="PURPOSE_COMBO_PURPOSE">
<createdBy>Luigi</createdBy>
<createdTime>2022-09-15 03:10:24 UTC</createdTime>
<generatorID>660F3108-192E-9938-03E0-93082C1AE8E2</generatorID>
<ownerDesignName>monh_oraclemodel</ownerDesignName>
<indexState>Foreign Key</indexState>
<isSurrogateKey>false</isSurrogateKey>
<indexColumnUsage>
<colUsage columnID="A0FC10F3-8FC4-F338-AA77-24C688B8173E"/>
</indexColumnUsage>
</ind_PK_UK>
</indexes>
</Table>
