<?xml version = '1.0' encoding = 'UTF-8'?>
<Table class="oracle.dbtools.crest.model.design.relational.Table" directorySegmentName="seg_0" id="6BE2D39C-B9F6-95AD-25A0-AA59BC055C9D" name="JOB">
<createdBy>Luigi</createdBy>
<createdTime>2022-09-14 07:03:30 UTC</createdTime>
<generatorID>B72D3F7D-AC8A-5A58-F179-7F484D5C239B</generatorID>
<ownerDesignName>monh_oraclemodel</ownerDesignName>
<allowColumnReorder>false</allowColumnReorder>
<existDependencyGenerateInDDl>true</existDependencyGenerateInDDl>
<parsed>true</parsed>
<columns itemClass="oracle.dbtools.crest.model.design.relational.Column">
<Column name="job_no" id="051E0BFB-6B5E-8D98-999B-9C1A5F999C64">
<createdBy>Luigi</createdBy>
<createdTime>2022-09-14 07:03:30 UTC</createdTime>
<commentInRDBMS><![CDATA[The unique identifier number of the job.]]></commentInRDBMS>
<generatorID>97B12127-28A9-E293-5399-9D3BCF659E3E</generatorID>
<ownerDesignName>monh_oraclemodel</ownerDesignName>
<useDomainConstraints>false</useDomainConstraints>
<use>1</use>
<logicalDatatype>LOGDT019</logicalDatatype>
<dataTypePrecision>4</dataTypePrecision>
<ownDataTypeParameters>,4,</ownDataTypeParameters>
<autoIncrementCycle>false</autoIncrementCycle>
</Column>
<Column name="job_pickup_datetime" id="3D2A2329-70F7-9641-C1B4-A1F378FE038C">
<createdBy>Luigi</createdBy>
<createdTime>2022-09-14 07:03:30 UTC</createdTime>
<commentInRDBMS><![CDATA[The actual pickup date and time for the job.]]></commentInRDBMS>
<generatorID>6DB04FBC-E1BA-B3B1-51C6-4BC46024F876</generatorID>
<ownerDesignName>monh_oraclemodel</ownerDesignName>
<useDomainConstraints>false</useDomainConstraints>
<use>1</use>
<logicalDatatype>LOGDT007</logicalDatatype>
<ownDataTypeParameters>,,</ownDataTypeParameters>
<autoIncrementCycle>false</autoIncrementCycle>
</Column>
<Column name="job_intended_dropoff_datetime" id="4B17643F-297B-00A7-BAF2-5B975B0403F0">
<createdBy>Luigi</createdBy>
<createdTime>2022-09-14 07:03:30 UTC</createdTime>
<commentInRDBMS><![CDATA[The intended drop off date and time for the job.]]></commentInRDBMS>
<generatorID>824F9494-0BC5-8799-ACEF-A45A47F7DAAF</generatorID>
<ownerDesignName>monh_oraclemodel</ownerDesignName>
<useDomainConstraints>false</useDomainConstraints>
<use>1</use>
<logicalDatatype>LOGDT007</logicalDatatype>
<ownDataTypeParameters>,,</ownDataTypeParameters>
<autoIncrementCycle>false</autoIncrementCycle>
</Column>
<Column name="quote_no" id="A2BEBC97-BDC1-14CC-FB1B-0B07ABDAAFE9">
<createdBy>Luigi</createdBy>
<createdTime>2022-09-14 07:03:30 UTC</createdTime>
<commentInRDBMS><![CDATA[The unique identification number of the quote.]]></commentInRDBMS>
<generatorID>642E385B-B2C3-4548-D099-C18DF4DA7082</generatorID>
<ownerDesignName>monh_oraclemodel</ownerDesignName>
<useDomainConstraints>false</useDomainConstraints>
<use>1</use>
<logicalDatatype>LOGDT019</logicalDatatype>
<dataTypePrecision>4</dataTypePrecision>
<ownDataTypeParameters>,,</ownDataTypeParameters>
<previousColumn>false</previousColumn>
<autoIncrementCycle>false</autoIncrementCycle>
<associations>
<colAssociation fkAssociation="4BB3F2C3-88D3-43AA-EEBF-442168BE8A73" referredColumn="4BF60955-1F9B-D11F-C8A3-CFC1C6E90DCF"/>
</associations>
</Column>
<Column name="clerk_no" id="423DAC18-5DEC-4BA8-B49C-BFF4745095AB">
<createdBy>Luigi</createdBy>
<createdTime>2022-09-14 07:03:30 UTC</createdTime>
<commentInRDBMS><![CDATA[The unique identification number of the employee.]]></commentInRDBMS>
<generatorID>4C7B9EE6-EE46-B2ED-E58B-641A3DBD10B8</generatorID>
<ownerDesignName>monh_oraclemodel</ownerDesignName>
<useDomainConstraints>false</useDomainConstraints>
<use>1</use>
<logicalDatatype>LOGDT019</logicalDatatype>
<dataTypePrecision>4</dataTypePrecision>
<ownDataTypeParameters>,,</ownDataTypeParameters>
<previousColumn>false</previousColumn>
<autoIncrementCycle>false</autoIncrementCycle>
<associations>
<colAssociation fkAssociation="24196238-5E8B-F44E-64FC-F905D7FAE2BF" referredColumn="FBFF6DCC-890F-8036-2008-796DC31DF4B2"/>
</associations>
</Column>
<Column name="combo_code" id="7AEF1DD7-2341-415C-085E-29511E520FD6">
<createdBy>Luigi</createdBy>
<createdTime>2022-09-14 07:03:30 UTC</createdTime>
<commentInRDBMS><![CDATA[The unique identification code (prefixed with the letter "C") for the truck and trailer combo.]]></commentInRDBMS>
<generatorID>885A852E-F327-1F64-8B82-B09CA536AF8C</generatorID>
<ownerDesignName>monh_oraclemodel</ownerDesignName>
<useDomainConstraints>false</useDomainConstraints>
<use>1</use>
<logicalDatatype>LOGDT025</logicalDatatype>
<dataTypeSize>3</dataTypeSize>
<ownDataTypeParameters>,,</ownDataTypeParameters>
<previousColumn>false</previousColumn>
<autoIncrementCycle>false</autoIncrementCycle>
<associations>
<colAssociation fkAssociation="C32843BD-F7AD-F0B4-0CF4-C696B9BEEED9" referredColumn="2DE368B9-215B-361B-3803-2BCBEB9D0AD3"/>
</associations>
</Column>
<Column name="driver_emp_no" id="C0A0F11C-194C-FCE6-1B4D-4AE57B33C9B1">
<createdBy>Luigi</createdBy>
<createdTime>2022-09-14 07:03:30 UTC</createdTime>
<commentInRDBMS><![CDATA[The unique identification number of the employee.]]></commentInRDBMS>
<generatorID>F9E60A76-2A57-7EC2-4934-6C85E24272DA</generatorID>
<ownerDesignName>monh_oraclemodel</ownerDesignName>
<useDomainConstraints>false</useDomainConstraints>
<use>1</use>
<logicalDatatype>LOGDT019</logicalDatatype>
<dataTypePrecision>4</dataTypePrecision>
<ownDataTypeParameters>,,</ownDataTypeParameters>
<previousColumn>false</previousColumn>
<autoIncrementCycle>false</autoIncrementCycle>
<associations>
<colAssociation fkAssociation="DF793736-62C4-8D97-7865-4E27085FB152" referredColumn="FBFF6DCC-890F-8036-2008-796DC31DF4B2"/>
</associations>
</Column>
<Column name="mechanic_emp_no" id="779F58D5-190F-223C-ACF8-3C4A5D719134">
<createdBy>Luigi</createdBy>
<createdTime>2022-09-14 07:03:30 UTC</createdTime>
<commentInRDBMS><![CDATA[The unique identification number of the employee.]]></commentInRDBMS>
<generatorID>95EC804D-2C6F-4486-CA32-C832F1B7EC97</generatorID>
<ownerDesignName>monh_oraclemodel</ownerDesignName>
<useDomainConstraints>false</useDomainConstraints>
<use>1</use>
<logicalDatatype>LOGDT019</logicalDatatype>
<dataTypePrecision>4</dataTypePrecision>
<ownDataTypeParameters>,,</ownDataTypeParameters>
<previousColumn>false</previousColumn>
<autoIncrementCycle>false</autoIncrementCycle>
<associations>
<colAssociation fkAssociation="91F1C098-A125-0C38-5844-2751AED7A92F" referredColumn="FBFF6DCC-890F-8036-2008-796DC31DF4B2"/>
</associations>
</Column>
<Column name="job_actual_dropoff_datetime" id="3B60CE54-F06B-6504-0C35-E76B67A39D0F">
<createdBy>Luigi</createdBy>
<createdTime>2022-09-14 07:03:30 UTC</createdTime>
<commentInRDBMS><![CDATA[The actual drop off date and time for the job.]]></commentInRDBMS>
<generatorID>213A5588-5F96-AEAB-A20D-FA4EE106F6A9</generatorID>
<ownerDesignName>monh_oraclemodel</ownerDesignName>
<useDomainConstraints>false</useDomainConstraints>
<use>1</use>
<logicalDatatype>LOGDT007</logicalDatatype>
<ownDataTypeParameters>,,</ownDataTypeParameters>
<autoIncrementCycle>false</autoIncrementCycle>
</Column>
<Column name="job_cost" id="2B49A4DB-DD3A-A3B1-12AC-58677861927E">
<createdBy>Luigi</createdBy>
<createdTime>2022-09-14 07:03:30 UTC</createdTime>
<commentInRDBMS><![CDATA[The cost of the job (if different to quote cost).]]></commentInRDBMS>
<generatorID>658EA270-249C-9C6C-2C90-874C811B3BC5</generatorID>
<ownerDesignName>monh_oraclemodel</ownerDesignName>
<nullsAllowed>true</nullsAllowed>
<useDomainConstraints>false</useDomainConstraints>
<use>1</use>
<logicalDatatype>LOGDT019</logicalDatatype>
<dataTypePrecision>6</dataTypePrecision>
<dataTypeScale>2</dataTypeScale>
<ownDataTypeParameters>,6,2</ownDataTypeParameters>
<autoIncrementCycle>false</autoIncrementCycle>
</Column>
<Column name="job_date_paid" id="B6C9CD61-9F00-76F3-AD3A-5A7065B08445">
<createdBy>Luigi</createdBy>
<createdTime>2022-09-14 07:03:30 UTC</createdTime>
<commentInRDBMS><![CDATA[The date on which the customer paid for the job.]]></commentInRDBMS>
<generatorID>45D2B945-FD67-5CA4-022F-6662DFD00267</generatorID>
<ownerDesignName>monh_oraclemodel</ownerDesignName>
<useDomainConstraints>false</useDomainConstraints>
<use>1</use>
<logicalDatatype>LOGDT007</logicalDatatype>
<ownDataTypeParameters>,,</ownDataTypeParameters>
<autoIncrementCycle>false</autoIncrementCycle>
</Column>
</columns>
<indexes itemClass="oracle.dbtools.crest.model.design.relational.Index">
<ind_PK_UK id="E6209AEA-B4A3-BECC-9BC3-5149D7189502" name="JOB_PK">
<createdBy>Luigi</createdBy>
<createdTime>2022-09-14 07:03:30 UTC</createdTime>
<generatorID>BD1B205B-9645-C64A-C4AC-E9E0F35CE805</generatorID>
<ownerDesignName>monh_oraclemodel</ownerDesignName>
<pk>true</pk>
<indexState>Primary Constraint</indexState>
<isSurrogateKey>false</isSurrogateKey>
<indexColumnUsage>
<colUsage columnID="051E0BFB-6B5E-8D98-999B-9C1A5F999C64"/>
</indexColumnUsage>
</ind_PK_UK>
<ind_PK_UK id="A9E363BA-E7DD-9C67-3173-EC02A3BAC595" name="JOB__IDX">
<createdBy>Luigi</createdBy>
<createdTime>2022-09-14 07:03:30 UTC</createdTime>
<ownerDesignName>monh_oraclemodel</ownerDesignName>
<indexState>Unique Plain Index</indexState>
<isSurrogateKey>false</isSurrogateKey>
<relationGeneratorID>86716048-A069-D6A4-3560-FDCDA237CE9D</relationGeneratorID>
<indexColumnUsage>
<colUsage columnID="C0A0F11C-194C-FCE6-1B4D-4AE57B33C9B1"/>
</indexColumnUsage>
</ind_PK_UK>
<ind_PK_UK id="A8D5E7C8-6338-3D69-DC55-5481DD710266" name="JOB__IDXv1">
<createdBy>Luigi</createdBy>
<createdTime>2022-09-14 07:03:30 UTC</createdTime>
<ownerDesignName>monh_oraclemodel</ownerDesignName>
<indexState>Unique Plain Index</indexState>
<isSurrogateKey>false</isSurrogateKey>
<relationGeneratorID>D5E8E225-F770-DF7E-06C0-7616B836DE4C</relationGeneratorID>
<indexColumnUsage>
<colUsage columnID="779F58D5-190F-223C-ACF8-3C4A5D719134"/>
</indexColumnUsage>
</ind_PK_UK>
<ind_PK_UK id="4CABA550-E502-6655-1F68-B51899667401" name="JOB__IDXv2">
<createdBy>Luigi</createdBy>
<createdTime>2022-09-14 07:03:30 UTC</createdTime>
<ownerDesignName>monh_oraclemodel</ownerDesignName>
<indexState>Unique Plain Index</indexState>
<isSurrogateKey>false</isSurrogateKey>
<relationGeneratorID>36F2559A-92F9-E4C7-1136-B7C7D6AA92FE</relationGeneratorID>
<indexColumnUsage>
<colUsage columnID="A2BEBC97-BDC1-14CC-FB1B-0B07ABDAAFE9"/>
</indexColumnUsage>
</ind_PK_UK>
<ind_PK_UK id="DF83BA68-EA6E-B293-6AF7-5B46945BCBB3" name="CLERK_JOB">
<createdBy>Luigi</createdBy>
<createdTime>2022-09-14 07:03:30 UTC</createdTime>
<generatorID>C10B8F3C-C52E-93FA-851F-70EE57A7F5F2</generatorID>
<ownerDesignName>monh_oraclemodel</ownerDesignName>
<indexState>Foreign Key</indexState>
<isSurrogateKey>false</isSurrogateKey>
<indexColumnUsage>
<colUsage columnID="423DAC18-5DEC-4BA8-B49C-BFF4745095AB"/>
</indexColumnUsage>
</ind_PK_UK>
<ind_PK_UK id="D456EECB-CD7F-2491-E34F-0477F369FD98" name="COMBO_JOB">
<createdBy>Luigi</createdBy>
<createdTime>2022-09-14 07:03:30 UTC</createdTime>
<generatorID>8476ABE7-071C-77D4-9918-69626F46E260</generatorID>
<ownerDesignName>monh_oraclemodel</ownerDesignName>
<indexState>Foreign Key</indexState>
<isSurrogateKey>false</isSurrogateKey>
<indexColumnUsage>
<colUsage columnID="7AEF1DD7-2341-415C-085E-29511E520FD6"/>
</indexColumnUsage>
</ind_PK_UK>
<ind_PK_UK id="A819158C-F3B2-E055-ACE9-925D0C88A245" name="DRIVER_JOB">
<createdBy>Luigi</createdBy>
<createdTime>2022-09-14 07:03:30 UTC</createdTime>
<generatorID>86716048-A069-D6A4-3560-FDCDA237CE9D</generatorID>
<ownerDesignName>monh_oraclemodel</ownerDesignName>
<indexState>Foreign Key</indexState>
<isSurrogateKey>false</isSurrogateKey>
<indexColumnUsage>
<colUsage columnID="C0A0F11C-194C-FCE6-1B4D-4AE57B33C9B1"/>
</indexColumnUsage>
</ind_PK_UK>
<ind_PK_UK id="99820F9A-EF1C-7CDD-FEAD-663DD2AD4B3C" name="MECHANIC_JOB">
<createdBy>Luigi</createdBy>
<createdTime>2022-09-14 07:03:30 UTC</createdTime>
<generatorID>D5E8E225-F770-DF7E-06C0-7616B836DE4C</generatorID>
<ownerDesignName>monh_oraclemodel</ownerDesignName>
<indexState>Foreign Key</indexState>
<isSurrogateKey>false</isSurrogateKey>
<indexColumnUsage>
<colUsage columnID="779F58D5-190F-223C-ACF8-3C4A5D719134"/>
</indexColumnUsage>
</ind_PK_UK>
<ind_PK_UK id="9152D293-23FE-1710-B4CF-4F386770EADF" name="QUOTE_JOB">
<createdBy>Luigi</createdBy>
<createdTime>2022-09-14 07:03:30 UTC</createdTime>
<generatorID>36F2559A-92F9-E4C7-1136-B7C7D6AA92FE</generatorID>
<ownerDesignName>monh_oraclemodel</ownerDesignName>
<indexState>Foreign Key</indexState>
<isSurrogateKey>false</isSurrogateKey>
<indexColumnUsage>
<colUsage columnID="A2BEBC97-BDC1-14CC-FB1B-0B07ABDAAFE9"/>
</indexColumnUsage>
</ind_PK_UK>
</indexes>
</Table>
