<?xml version = '1.0' encoding = 'UTF-8'?>
<Table class="oracle.dbtools.crest.model.design.relational.Table" directorySegmentName="seg_0" id="9B62FB13-B341-3B2B-D6CC-FB4EC575739F" name="TRUCKMODEL">
<createdBy>Luigi</createdBy>
<createdTime>2022-09-15 03:10:24 UTC</createdTime>
<generatorID>72AAC481-68C0-5577-99A1-139199E9B9A0</generatorID>
<ownerDesignName>monh_oraclemodel</ownerDesignName>
<allowColumnReorder>false</allowColumnReorder>
<existDependencyGenerateInDDl>true</existDependencyGenerateInDDl>
<parsed>true</parsed>
<columns itemClass="oracle.dbtools.crest.model.design.relational.Column">
<Column name="trckmodel_id" id="1E9A087C-C2EC-958F-3811-CBB184F05245">
<createdBy>Luigi</createdBy>
<createdTime>2022-09-15 03:10:24 UTC</createdTime>
<commentInRDBMS><![CDATA[The unique identifier of a truck model.]]></commentInRDBMS>
<generatorID>E0A0DEB4-E17C-BF72-8C71-D2891BF6C039</generatorID>
<ownerDesignName>monh_oraclemodel</ownerDesignName>
<useDomainConstraints>false</useDomainConstraints>
<use>1</use>
<logicalDatatype>LOGDT019</logicalDatatype>
<dataTypePrecision>4</dataTypePrecision>
<ownDataTypeParameters>,4,</ownDataTypeParameters>
<autoIncrementCycle>false</autoIncrementCycle>
</Column>
<Column name="trckmodel_name" id="8F372446-B909-4562-2361-069A53FC98BC">
<createdBy>Luigi</createdBy>
<createdTime>2022-09-15 03:10:24 UTC</createdTime>
<commentInRDBMS><![CDATA[The name of the truck model.]]></commentInRDBMS>
<generatorID>AB1D4DD8-6527-4389-268C-F38BA79420F3</generatorID>
<ownerDesignName>monh_oraclemodel</ownerDesignName>
<useDomainConstraints>false</useDomainConstraints>
<use>1</use>
<logicalDatatype>LOGDT024</logicalDatatype>
<dataTypeSize>50</dataTypeSize>
<ownDataTypeParameters>50,,</ownDataTypeParameters>
<autoIncrementCycle>false</autoIncrementCycle>
</Column>
</columns>
<indexes itemClass="oracle.dbtools.crest.model.design.relational.Index">
<ind_PK_UK id="FC132153-DF36-E3E1-F868-E7DD40DF4977" name="TRUCK_MODEL_PK">
<createdBy>Luigi</createdBy>
<createdTime>2022-09-15 03:10:24 UTC</createdTime>
<generatorID>E87BE48A-6AD0-8148-272C-F1538B46C1F6</generatorID>
<ownerDesignName>monh_oraclemodel</ownerDesignName>
<pk>true</pk>
<indexState>Primary Constraint</indexState>
<isSurrogateKey>false</isSurrogateKey>
<indexColumnUsage>
<colUsage columnID="1E9A087C-C2EC-958F-3811-CBB184F05245"/>
</indexColumnUsage>
</ind_PK_UK>
</indexes>
</Table>
