<?xml version = '1.0' encoding = 'UTF-8'?>
<Table class="oracle.dbtools.crest.model.design.relational.Table" directorySegmentName="seg_0" id="AA52097F-7AB1-05D9-B34D-12117255BE05" name="TRUCKCLASS">
<createdBy>Luigi</createdBy>
<createdTime>2022-09-15 03:10:24 UTC</createdTime>
<generatorID>A428E56D-23DA-1D48-6D43-2DFFA3033214</generatorID>
<ownerDesignName>monh_oraclemodel</ownerDesignName>
<allowColumnReorder>false</allowColumnReorder>
<existDependencyGenerateInDDl>true</existDependencyGenerateInDDl>
<parsed>true</parsed>
<columns itemClass="oracle.dbtools.crest.model.design.relational.Column">
<Column name="trckclass_name" id="83079750-EE92-CDD9-5451-68211F22FCD8">
<createdBy>Luigi</createdBy>
<createdTime>2022-09-15 03:10:24 UTC</createdTime>
<commentInRDBMS><![CDATA[The name that is used to uniquely identify the truck class.]]></commentInRDBMS>
<generatorID>CABBB479-97B7-6B91-DB61-CEF9122C88E0</generatorID>
<ownerDesignName>monh_oraclemodel</ownerDesignName>
<useDomainConstraints>false</useDomainConstraints>
<use>1</use>
<logicalDatatype>LOGDT024</logicalDatatype>
<dataTypeSize>10</dataTypeSize>
<ownDataTypeParameters>10,,</ownDataTypeParameters>
<autoIncrementCycle>false</autoIncrementCycle>
</Column>
<Column name="trkclass_daily_hire_rate" id="7CD8333C-97A5-6886-D4CB-43929E2AA86E">
<createdBy>Luigi</createdBy>
<createdTime>2022-09-15 03:10:24 UTC</createdTime>
<commentInRDBMS><![CDATA[The daily hire rate of a truck that is determined by the truck class.]]></commentInRDBMS>
<generatorID>0518AA91-DBF1-348C-F963-066954466B0D</generatorID>
<ownerDesignName>monh_oraclemodel</ownerDesignName>
<useDomainConstraints>false</useDomainConstraints>
<use>1</use>
<logicalDatatype>LOGDT019</logicalDatatype>
<dataTypePrecision>5</dataTypePrecision>
<dataTypeScale>2</dataTypeScale>
<ownDataTypeParameters>,5,2</ownDataTypeParameters>
<autoIncrementCycle>false</autoIncrementCycle>
</Column>
<Column name="trkclass_driver_hire_rate" id="2B33FD1E-C5FC-D71E-DDF0-7636CBE37782">
<createdBy>Luigi</createdBy>
<createdTime>2022-09-15 03:10:24 UTC</createdTime>
<commentInRDBMS><![CDATA[The driver hire rate of a truck that is determined by the truck class.]]></commentInRDBMS>
<generatorID>DFDC558C-6171-3986-695E-EE17A0057535</generatorID>
<ownerDesignName>monh_oraclemodel</ownerDesignName>
<useDomainConstraints>false</useDomainConstraints>
<use>1</use>
<logicalDatatype>LOGDT019</logicalDatatype>
<dataTypePrecision>5</dataTypePrecision>
<dataTypeScale>2</dataTypeScale>
<ownDataTypeParameters>,5,2</ownDataTypeParameters>
<autoIncrementCycle>false</autoIncrementCycle>
</Column>
</columns>
<indexes itemClass="oracle.dbtools.crest.model.design.relational.Index">
<ind_PK_UK id="FED46042-45CF-7BC6-AD3D-1E4E8EB6BC9E" name="TRUCKCLASS_PK">
<createdBy>Luigi</createdBy>
<createdTime>2022-09-15 03:10:24 UTC</createdTime>
<generatorID>61517356-BA45-42C4-2E03-0350745E0BC5</generatorID>
<ownerDesignName>monh_oraclemodel</ownerDesignName>
<pk>true</pk>
<indexState>Primary Constraint</indexState>
<isSurrogateKey>false</isSurrogateKey>
<indexColumnUsage>
<colUsage columnID="83079750-EE92-CDD9-5451-68211F22FCD8"/>
</indexColumnUsage>
</ind_PK_UK>
</indexes>
</Table>
