<?xml version = '1.0' encoding = 'UTF-8'?>
<Table class="oracle.dbtools.crest.model.design.relational.Table" directorySegmentName="seg_0" id="B25C2266-D180-F6DC-0E5D-6C01EAE161A0" name="TRUCKTYPE">
<createdBy>Luigi</createdBy>
<createdTime>2022-09-14 07:03:30 UTC</createdTime>
<generatorID>8910FD0C-98CE-A6F7-3698-CBB6091E44BC</generatorID>
<ownerDesignName>monh_oraclemodel</ownerDesignName>
<allowColumnReorder>false</allowColumnReorder>
<existDependencyGenerateInDDl>true</existDependencyGenerateInDDl>
<parsed>true</parsed>
<columns itemClass="oracle.dbtools.crest.model.design.relational.Column">
<Column name="trcktype_id" id="D2862690-E71D-CF55-70ED-BD59AEA43801">
<createdBy>Luigi</createdBy>
<createdTime>2022-09-14 07:03:30 UTC</createdTime>
<commentInRDBMS><![CDATA[the id of the truck type (surrogate primary key)]]></commentInRDBMS>
<generatorID>DEE72C3E-A216-2A52-9CBA-DB5EC24DF214</generatorID>
<ownerDesignName>monh_oraclemodel</ownerDesignName>
<useDomainConstraints>false</useDomainConstraints>
<use>1</use>
<logicalDatatype>LOGDT019</logicalDatatype>
<dataTypePrecision>4</dataTypePrecision>
<ownDataTypeParameters>,4,</ownDataTypeParameters>
<autoIncrementCycle>false</autoIncrementCycle>
</Column>
<Column name="make_id" id="69785EDC-F340-A466-2216-3808957F46E8">
<createdBy>Luigi</createdBy>
<createdTime>2022-09-14 07:03:30 UTC</createdTime>
<commentInRDBMS><![CDATA[the id of the make]]></commentInRDBMS>
<generatorID>C3DCFB2A-3091-6215-321B-6B5CC045A43B</generatorID>
<ownerDesignName>monh_oraclemodel</ownerDesignName>
<useDomainConstraints>false</useDomainConstraints>
<use>1</use>
<logicalDatatype>LOGDT019</logicalDatatype>
<dataTypePrecision>4</dataTypePrecision>
<ownDataTypeParameters>,,</ownDataTypeParameters>
<previousColumn>false</previousColumn>
<autoIncrementCycle>false</autoIncrementCycle>
<associations>
<colAssociation fkAssociation="98F14987-B6B5-4772-AFC9-F342D175CEF6" referredColumn="B7D5A544-563E-3E71-7A2B-46DEA5423E03"/>
</associations>
</Column>
<Column name="trckmodel_id" id="DCBB19FC-1B55-6064-773E-E212F20CE563">
<createdBy>Luigi</createdBy>
<createdTime>2022-09-14 07:03:30 UTC</createdTime>
<commentInRDBMS><![CDATA[the id given to a model of truck]]></commentInRDBMS>
<generatorID>FE6B8C76-4E71-EA0B-2D27-38045A5B1E71</generatorID>
<ownerDesignName>monh_oraclemodel</ownerDesignName>
<useDomainConstraints>false</useDomainConstraints>
<use>1</use>
<logicalDatatype>LOGDT019</logicalDatatype>
<dataTypePrecision>4</dataTypePrecision>
<ownDataTypeParameters>,,</ownDataTypeParameters>
<previousColumn>false</previousColumn>
<autoIncrementCycle>false</autoIncrementCycle>
<associations>
<colAssociation fkAssociation="1BE49213-7195-3AA9-C0DC-024A19C9F999" referredColumn="0DD1E4EF-4901-064F-DD58-AE925293933A"/>
</associations>
</Column>
<Column name="trckclass_id" id="07E9C532-2AF3-4ED4-C1F8-4F6AE4851C73">
<createdBy>Luigi</createdBy>
<createdTime>2022-09-14 07:03:30 UTC</createdTime>
<commentInRDBMS><![CDATA[the truck class's id (surrogate primary key)]]></commentInRDBMS>
<generatorID>3E8A2F05-3FEE-0979-BC4D-6A7F0191F8C0</generatorID>
<ownerDesignName>monh_oraclemodel</ownerDesignName>
<useDomainConstraints>false</useDomainConstraints>
<use>1</use>
<logicalDatatype>LOGDT019</logicalDatatype>
<dataTypePrecision>4</dataTypePrecision>
<ownDataTypeParameters>,,</ownDataTypeParameters>
<previousColumn>false</previousColumn>
<autoIncrementCycle>false</autoIncrementCycle>
<associations>
<colAssociation fkAssociation="14A93F0C-85EC-F386-CED1-3FD367A74DE9" referredColumn="7279A29A-E5E0-F2B4-64FC-DA0EB35F1A5C"/>
</associations>
</Column>
</columns>
<indexes itemClass="oracle.dbtools.crest.model.design.relational.Index">
<ind_PK_UK id="1F09C5E5-2605-CA15-623E-8D438BB2235F" name="TRUCKTYPE_PK">
<createdBy>Luigi</createdBy>
<createdTime>2022-09-14 07:03:30 UTC</createdTime>
<generatorID>227F14C6-4920-A8C9-96F0-EEAC9562D649</generatorID>
<ownerDesignName>monh_oraclemodel</ownerDesignName>
<pk>true</pk>
<indexState>Primary Constraint</indexState>
<isSurrogateKey>false</isSurrogateKey>
<indexColumnUsage>
<colUsage columnID="D2862690-E71D-CF55-70ED-BD59AEA43801"/>
</indexColumnUsage>
</ind_PK_UK>
<ind_PK_UK id="7844E636-01ED-3CAE-7AF1-7D40797CCCAC" name="TRUCKTYPE_NK">
<createdBy>Luigi</createdBy>
<createdTime>2022-09-14 07:03:30 UTC</createdTime>
<generatorID>A76363BA-0402-85FD-56DC-6610DB4747BF</generatorID>
<ownerDesignName>monh_oraclemodel</ownerDesignName>
<indexState>Unique Constraint</indexState>
<isSurrogateKey>false</isSurrogateKey>
<indexColumnUsage>
<colUsage columnID="69785EDC-F340-A466-2216-3808957F46E8"/>
<colUsage columnID="DCBB19FC-1B55-6064-773E-E212F20CE563"/>
</indexColumnUsage>
</ind_PK_UK>
<ind_PK_UK id="A88942BB-8CC1-09E8-F144-695A74C076E4" name="MAKE_TRUCKTYPE">
<createdBy>Luigi</createdBy>
<createdTime>2022-09-14 07:03:30 UTC</createdTime>
<generatorID>CFD00320-4A95-617E-0E57-8DB1DA723B37</generatorID>
<ownerDesignName>monh_oraclemodel</ownerDesignName>
<indexState>Foreign Key</indexState>
<isSurrogateKey>false</isSurrogateKey>
<indexColumnUsage>
<colUsage columnID="69785EDC-F340-A466-2216-3808957F46E8"/>
</indexColumnUsage>
</ind_PK_UK>
<ind_PK_UK id="A00473F3-9BBE-FB26-3DA8-F611C59E35F0" name="TRUCKCLASS_TRUCKTYPE">
<createdBy>Luigi</createdBy>
<createdTime>2022-09-14 07:03:30 UTC</createdTime>
<generatorID>FF8116E0-031C-E5CB-F481-E885557B977D</generatorID>
<ownerDesignName>monh_oraclemodel</ownerDesignName>
<indexState>Foreign Key</indexState>
<isSurrogateKey>false</isSurrogateKey>
<indexColumnUsage>
<colUsage columnID="07E9C532-2AF3-4ED4-C1F8-4F6AE4851C73"/>
</indexColumnUsage>
</ind_PK_UK>
<ind_PK_UK id="93BC17F2-7172-9A00-C771-70B2876EE36C" name="TRUCKMODEL_TRUCKTYPE">
<createdBy>Luigi</createdBy>
<createdTime>2022-09-14 07:03:30 UTC</createdTime>
<generatorID>5825975B-01F3-3CC3-1F7E-657D784A7F7E</generatorID>
<ownerDesignName>monh_oraclemodel</ownerDesignName>
<indexState>Foreign Key</indexState>
<isSurrogateKey>false</isSurrogateKey>
<indexColumnUsage>
<colUsage columnID="DCBB19FC-1B55-6064-773E-E212F20CE563"/>
</indexColumnUsage>
</ind_PK_UK>
</indexes>
</Table>
