<?xml version = '1.0' encoding = 'UTF-8'?>
<Table class="oracle.dbtools.crest.model.design.relational.Table" directorySegmentName="seg_0" id="B702D5AD-F4DA-D648-D1FD-9E79F56CF817" name="TRUCK">
<createdBy>Luigi</createdBy>
<createdTime>2022-09-15 03:10:24 UTC</createdTime>
<generatorID>CD84FC0B-D040-28C9-8FA7-6B9779B6DFAE</generatorID>
<ownerDesignName>monh_oraclemodel</ownerDesignName>
<allowColumnReorder>false</allowColumnReorder>
<existDependencyGenerateInDDl>true</existDependencyGenerateInDDl>
<parsed>true</parsed>
<columns itemClass="oracle.dbtools.crest.model.design.relational.Column">
<Column name="truck_vin" id="0A4EB862-E3EB-D2A6-B206-2A72116CB201">
<createdBy>Luigi</createdBy>
<createdTime>2022-09-15 03:10:24 UTC</createdTime>
<commentInRDBMS><![CDATA[The unique vehicle identification number (VIN) of the truck.]]></commentInRDBMS>
<generatorID>D1754BD4-61BB-AFED-284D-42E741B26E7B</generatorID>
<ownerDesignName>monh_oraclemodel</ownerDesignName>
<useDomainConstraints>false</useDomainConstraints>
<use>1</use>
<logicalDatatype>LOGDT025</logicalDatatype>
<dataTypeSize>17</dataTypeSize>
<ownDataTypeParameters>17,,</ownDataTypeParameters>
<autoIncrementCycle>false</autoIncrementCycle>
</Column>
<Column name="truck_reg_no" id="BC5B8D55-5650-2AC3-833B-05BF28B84785">
<createdBy>Luigi</createdBy>
<createdTime>2022-09-15 03:10:24 UTC</createdTime>
<commentInRDBMS><![CDATA[The registration number of the truck.]]></commentInRDBMS>
<generatorID>E74067BA-EA00-E5E6-418D-5F007CD092B4</generatorID>
<ownerDesignName>monh_oraclemodel</ownerDesignName>
<useDomainConstraints>false</useDomainConstraints>
<use>1</use>
<logicalDatatype>LOGDT025</logicalDatatype>
<dataTypeSize>9</dataTypeSize>
<ownDataTypeParameters>9,,</ownDataTypeParameters>
<autoIncrementCycle>false</autoIncrementCycle>
</Column>
<Column name="truck_km_travelled" id="16D3A4BC-0207-974C-4123-9FAE165D31EF">
<createdBy>Luigi</createdBy>
<createdTime>2022-09-15 03:10:24 UTC</createdTime>
<commentInRDBMS><![CDATA[The number of kilometres travelled by the truck.]]></commentInRDBMS>
<generatorID>38E38A87-DFCB-0BA9-45C6-19124B4ED746</generatorID>
<ownerDesignName>monh_oraclemodel</ownerDesignName>
<useDomainConstraints>false</useDomainConstraints>
<use>1</use>
<logicalDatatype>LOGDT019</logicalDatatype>
<dataTypePrecision>6</dataTypePrecision>
<ownDataTypeParameters>,6,</ownDataTypeParameters>
<autoIncrementCycle>false</autoIncrementCycle>
</Column>
<Column name="truck_km_last_serviced" id="362EFA84-FA0A-71C8-74AE-5CA10F0A5264">
<createdBy>Luigi</createdBy>
<createdTime>2022-09-15 03:10:24 UTC</createdTime>
<commentInRDBMS><![CDATA[The kilometre reading of the last service for the truck.]]></commentInRDBMS>
<generatorID>09678842-E627-4CFC-C427-63D57993FE05</generatorID>
<ownerDesignName>monh_oraclemodel</ownerDesignName>
<useDomainConstraints>false</useDomainConstraints>
<use>1</use>
<logicalDatatype>LOGDT019</logicalDatatype>
<dataTypePrecision>6</dataTypePrecision>
<ownDataTypeParameters>,6,</ownDataTypeParameters>
<autoIncrementCycle>false</autoIncrementCycle>
</Column>
<Column name="truck_purchase_cost" id="68481E46-1CB5-C549-38B0-6CF00FD667AC">
<createdBy>Luigi</createdBy>
<createdTime>2022-09-15 03:10:24 UTC</createdTime>
<commentInRDBMS><![CDATA[The dollar cost of purchase for the truck.]]></commentInRDBMS>
<generatorID>ED68D444-7CA6-48DF-CF9D-6556D9C8D83C</generatorID>
<ownerDesignName>monh_oraclemodel</ownerDesignName>
<useDomainConstraints>false</useDomainConstraints>
<use>1</use>
<logicalDatatype>LOGDT019</logicalDatatype>
<dataTypePrecision>8</dataTypePrecision>
<dataTypeScale>2</dataTypeScale>
<ownDataTypeParameters>,8,2</ownDataTypeParameters>
<autoIncrementCycle>false</autoIncrementCycle>
</Column>
<Column name="truck_purchase_date" id="89338B6D-0257-2EA5-94DE-C61B285D675A">
<createdBy>Luigi</createdBy>
<createdTime>2022-09-15 03:10:24 UTC</createdTime>
<commentInRDBMS><![CDATA[The date on which the truck was purchased.]]></commentInRDBMS>
<generatorID>A9EC7412-6C96-3C16-D1A0-E3E4E995985A</generatorID>
<ownerDesignName>monh_oraclemodel</ownerDesignName>
<useDomainConstraints>false</useDomainConstraints>
<use>1</use>
<logicalDatatype>LOGDT007</logicalDatatype>
<ownDataTypeParameters>,,</ownDataTypeParameters>
<autoIncrementCycle>false</autoIncrementCycle>
</Column>
<Column name="trckclass_name" id="7D0BFE0E-3FC1-9C7F-2901-5F797BE90E02">
<createdBy>Luigi</createdBy>
<createdTime>2022-09-15 03:10:24 UTC</createdTime>
<commentInRDBMS><![CDATA[The name that is used to uniquely identify the truck class.]]></commentInRDBMS>
<generatorID>A478EF90-1234-F395-51EA-AE7A7BF1B05D</generatorID>
<ownerDesignName>monh_oraclemodel</ownerDesignName>
<useDomainConstraints>false</useDomainConstraints>
<use>1</use>
<logicalDatatype>LOGDT024</logicalDatatype>
<dataTypeSize>10</dataTypeSize>
<ownDataTypeParameters>,,</ownDataTypeParameters>
<previousColumn>false</previousColumn>
<autoIncrementCycle>false</autoIncrementCycle>
<associations>
<colAssociation fkAssociation="FD069F45-6DEE-BB11-B06B-F2772D61967D" referredColumn="83079750-EE92-CDD9-5451-68211F22FCD8"/>
</associations>
</Column>
</columns>
<indexes itemClass="oracle.dbtools.crest.model.design.relational.Index">
<ind_PK_UK id="FDE7060F-BAE2-2531-F2A2-2FCEA91410D8" name="TRUCK_PK">
<createdBy>Luigi</createdBy>
<createdTime>2022-09-15 03:10:24 UTC</createdTime>
<generatorID>F3B4AA58-5A25-FE44-66C0-C9C75AA8ED6A</generatorID>
<ownerDesignName>monh_oraclemodel</ownerDesignName>
<pk>true</pk>
<indexState>Primary Constraint</indexState>
<isSurrogateKey>false</isSurrogateKey>
<indexColumnUsage>
<colUsage columnID="0A4EB862-E3EB-D2A6-B206-2A72116CB201"/>
</indexColumnUsage>
</ind_PK_UK>
<ind_PK_UK id="1ACBC284-2DD7-2CCB-FA8C-0D780751C09C" name="TRUCKCLASS_TRUCK">
<createdBy>Luigi</createdBy>
<createdTime>2022-09-15 03:10:24 UTC</createdTime>
<generatorID>8F5A20E7-F761-EA90-8896-28F639ADBCF3</generatorID>
<ownerDesignName>monh_oraclemodel</ownerDesignName>
<indexState>Foreign Key</indexState>
<isSurrogateKey>false</isSurrogateKey>
<indexColumnUsage>
<colUsage columnID="7D0BFE0E-3FC1-9C7F-2901-5F797BE90E02"/>
</indexColumnUsage>
</ind_PK_UK>
</indexes>
</Table>
