<?xml version = '1.0' encoding = 'UTF-8'?>
<Table class="oracle.dbtools.crest.model.design.relational.Table" directorySegmentName="seg_0" id="D99E3403-DF4C-39FB-4DC2-2998F7EFB584" name="TRAILERTYPE">
<createdBy>Luigi</createdBy>
<createdTime>2022-09-14 07:03:30 UTC</createdTime>
<generatorID>C6EDEB3C-7A78-2DA6-95CA-705CCA1902A5</generatorID>
<ownerDesignName>monh_oraclemodel</ownerDesignName>
<allowColumnReorder>false</allowColumnReorder>
<existDependencyGenerateInDDl>true</existDependencyGenerateInDDl>
<parsed>true</parsed>
<columns itemClass="oracle.dbtools.crest.model.design.relational.Column">
<Column name="trailtype_id" id="398F07F7-2C5E-CE53-32F0-1A34437F6A19">
<createdBy>Luigi</createdBy>
<createdTime>2022-09-14 07:03:30 UTC</createdTime>
<commentInRDBMS><![CDATA[the id of the trailer type (surrogate primary key)]]></commentInRDBMS>
<generatorID>D61AAF08-680E-CC40-FB3D-E6B578175DF5</generatorID>
<ownerDesignName>monh_oraclemodel</ownerDesignName>
<useDomainConstraints>false</useDomainConstraints>
<use>1</use>
<logicalDatatype>LOGDT019</logicalDatatype>
<dataTypePrecision>4</dataTypePrecision>
<ownDataTypeParameters>,4,</ownDataTypeParameters>
<autoIncrementCycle>false</autoIncrementCycle>
</Column>
<Column name="manufacturer_id" id="E1B620F9-8F5A-D538-0261-17715466F43E">
<createdBy>Luigi</createdBy>
<createdTime>2022-09-14 07:03:30 UTC</createdTime>
<commentInRDBMS><![CDATA[the manufacturer's id]]></commentInRDBMS>
<generatorID>A693B434-B02D-E21F-FFF7-89073E99ECFB</generatorID>
<ownerDesignName>monh_oraclemodel</ownerDesignName>
<useDomainConstraints>false</useDomainConstraints>
<use>1</use>
<logicalDatatype>LOGDT019</logicalDatatype>
<dataTypePrecision>4</dataTypePrecision>
<ownDataTypeParameters>,,</ownDataTypeParameters>
<previousColumn>false</previousColumn>
<autoIncrementCycle>false</autoIncrementCycle>
<associations>
<colAssociation fkAssociation="40D443B8-D88F-EAE1-0813-97D93774D62E" referredColumn="89499B02-5345-971C-2171-13427903A156"/>
</associations>
</Column>
<Column name="trailmodel_id" id="127BCD01-980C-64D6-E51C-50345007EA1B">
<createdBy>Luigi</createdBy>
<createdTime>2022-09-14 07:03:30 UTC</createdTime>
<commentInRDBMS><![CDATA[the trailer model's id]]></commentInRDBMS>
<generatorID>E5BE4072-65BF-E23F-C554-6E951A67628D</generatorID>
<ownerDesignName>monh_oraclemodel</ownerDesignName>
<useDomainConstraints>false</useDomainConstraints>
<use>1</use>
<logicalDatatype>LOGDT019</logicalDatatype>
<dataTypePrecision>4</dataTypePrecision>
<ownDataTypeParameters>,,</ownDataTypeParameters>
<previousColumn>false</previousColumn>
<autoIncrementCycle>false</autoIncrementCycle>
<associations>
<colAssociation fkAssociation="9B606EF1-C8D3-3856-DEC2-C7DEF7F4B4C5" referredColumn="DD7389F3-E6F6-87AA-6B74-11C41ACA152E"/>
</associations>
</Column>
<Column name="trailclass_id" id="1A847274-A053-FA6B-79E3-F62E84E6A8F3">
<createdBy>Luigi</createdBy>
<createdTime>2022-09-14 07:03:30 UTC</createdTime>
<commentInRDBMS><![CDATA[the id of the trailer's class (surrogate primary key)]]></commentInRDBMS>
<generatorID>8F2E2597-0D00-99D7-A406-F737112FD23B</generatorID>
<ownerDesignName>monh_oraclemodel</ownerDesignName>
<useDomainConstraints>false</useDomainConstraints>
<use>1</use>
<logicalDatatype>LOGDT019</logicalDatatype>
<dataTypePrecision>4</dataTypePrecision>
<ownDataTypeParameters>,,</ownDataTypeParameters>
<previousColumn>false</previousColumn>
<autoIncrementCycle>false</autoIncrementCycle>
<associations>
<colAssociation fkAssociation="7E348AAD-BD83-F008-5F30-E2CB51375861" referredColumn="875C8ED6-D783-C5AB-BE07-4CE35C8A145C"/>
</associations>
</Column>
</columns>
<indexes itemClass="oracle.dbtools.crest.model.design.relational.Index">
<ind_PK_UK id="AA3F0C9B-A83A-9FB9-80C9-EB5E6C3223CF" name="TRAILERTYPE_PK">
<createdBy>Luigi</createdBy>
<createdTime>2022-09-14 07:03:30 UTC</createdTime>
<generatorID>9A4E6EE7-5067-EA23-908D-CD1284D8951E</generatorID>
<ownerDesignName>monh_oraclemodel</ownerDesignName>
<pk>true</pk>
<indexState>Primary Constraint</indexState>
<isSurrogateKey>false</isSurrogateKey>
<indexColumnUsage>
<colUsage columnID="398F07F7-2C5E-CE53-32F0-1A34437F6A19"/>
</indexColumnUsage>
</ind_PK_UK>
<ind_PK_UK id="C461684F-3480-3A4B-27CE-8D5ECCC059ED" name="TRAILERTYPE_NK">
<createdBy>Luigi</createdBy>
<createdTime>2022-09-14 07:03:30 UTC</createdTime>
<generatorID>241CEFA9-5829-3D61-91D1-C3619F9117B6</generatorID>
<ownerDesignName>monh_oraclemodel</ownerDesignName>
<indexState>Unique Constraint</indexState>
<isSurrogateKey>false</isSurrogateKey>
<indexColumnUsage>
<colUsage columnID="E1B620F9-8F5A-D538-0261-17715466F43E"/>
<colUsage columnID="127BCD01-980C-64D6-E51C-50345007EA1B"/>
</indexColumnUsage>
</ind_PK_UK>
<ind_PK_UK id="8216CBFD-02AE-38DE-B186-2C03173FCCAC" name="MANUFACTURER_TRAILERTYPE">
<createdBy>Luigi</createdBy>
<createdTime>2022-09-14 07:03:30 UTC</createdTime>
<generatorID>279D50A4-DBDC-0F16-1591-38F4105FD0AC</generatorID>
<ownerDesignName>monh_oraclemodel</ownerDesignName>
<indexState>Foreign Key</indexState>
<isSurrogateKey>false</isSurrogateKey>
<indexColumnUsage>
<colUsage columnID="E1B620F9-8F5A-D538-0261-17715466F43E"/>
</indexColumnUsage>
</ind_PK_UK>
<ind_PK_UK id="9EF2FE74-DA3E-4688-EAA8-B6B854940933" name="TRAILERCLASS_TRAILERTYPE">
<createdBy>Luigi</createdBy>
<createdTime>2022-09-14 07:03:30 UTC</createdTime>
<generatorID>9A7D1B91-D7C7-BA95-9DEB-E5F1E78C10E0</generatorID>
<ownerDesignName>monh_oraclemodel</ownerDesignName>
<indexState>Foreign Key</indexState>
<isSurrogateKey>false</isSurrogateKey>
<indexColumnUsage>
<colUsage columnID="1A847274-A053-FA6B-79E3-F62E84E6A8F3"/>
</indexColumnUsage>
</ind_PK_UK>
<ind_PK_UK id="7EA6D6A7-B963-0ECA-A288-886C1EFAB6AF" name="TRAILERMODEL_TRAILERTYPE">
<createdBy>Luigi</createdBy>
<createdTime>2022-09-14 07:03:30 UTC</createdTime>
<generatorID>F24F691B-E35A-F076-169E-C9B0338E9284</generatorID>
<ownerDesignName>monh_oraclemodel</ownerDesignName>
<indexState>Foreign Key</indexState>
<isSurrogateKey>false</isSurrogateKey>
<indexColumnUsage>
<colUsage columnID="127BCD01-980C-64D6-E51C-50345007EA1B"/>
</indexColumnUsage>
</ind_PK_UK>
</indexes>
</Table>
