<?xml version = '1.0' encoding = 'UTF-8'?>
<Table class="oracle.dbtools.crest.model.design.relational.Table" directorySegmentName="seg_0" id="DC9F08B9-F340-CB8F-1435-05BC68F93FE0" name="PURPOSE">
<createdBy>Luigi</createdBy>
<createdTime>2022-09-14 07:03:30 UTC</createdTime>
<generatorID>07FA94B9-2052-69EB-095F-74949414E16D</generatorID>
<ownerDesignName>monh_oraclemodel</ownerDesignName>
<allowColumnReorder>false</allowColumnReorder>
<existDependencyGenerateInDDl>true</existDependencyGenerateInDDl>
<parsed>true</parsed>
<columns itemClass="oracle.dbtools.crest.model.design.relational.Column">
<Column name="purpose_no" id="A9B77B8D-59D8-63AE-AEFC-67A37E46E7C8">
<createdBy>Luigi</createdBy>
<createdTime>2022-09-14 07:03:30 UTC</createdTime>
<commentInRDBMS><![CDATA[The unique identification number (prefixed with the letter "P") for the truck and trailer usage purpose.]]></commentInRDBMS>
<generatorID>1908ABCD-962B-CC5E-540E-223EFEB483FE</generatorID>
<ownerDesignName>monh_oraclemodel</ownerDesignName>
<useDomainConstraints>false</useDomainConstraints>
<use>1</use>
<logicalDatatype>LOGDT025</logicalDatatype>
<dataTypeSize>3</dataTypeSize>
<ownDataTypeParameters>3,,</ownDataTypeParameters>
<autoIncrementCycle>false</autoIncrementCycle>
</Column>
<Column name="purpose_desc" id="390EEA4B-9F53-3DB5-2D9D-EA4B0B45E39F">
<createdBy>Luigi</createdBy>
<createdTime>2022-09-14 07:03:30 UTC</createdTime>
<commentInRDBMS><![CDATA[The description of the truck and trailer usage purpose.]]></commentInRDBMS>
<generatorID>B16E2032-DD8D-CE40-4678-8A8913DCAB5C</generatorID>
<ownerDesignName>monh_oraclemodel</ownerDesignName>
<useDomainConstraints>false</useDomainConstraints>
<use>1</use>
<logicalDatatype>LOGDT024</logicalDatatype>
<dataTypeSize>100</dataTypeSize>
<ownDataTypeParameters>100,,</ownDataTypeParameters>
<autoIncrementCycle>false</autoIncrementCycle>
</Column>
</columns>
<indexes itemClass="oracle.dbtools.crest.model.design.relational.Index">
<ind_PK_UK id="5F2023A0-A0AB-7EBE-41AE-28A3BC50C87B" name="PURPOSE_PK">
<createdBy>Luigi</createdBy>
<createdTime>2022-09-14 07:03:30 UTC</createdTime>
<generatorID>05B7EBCB-5D54-1DCA-7A79-D15B960BF769</generatorID>
<ownerDesignName>monh_oraclemodel</ownerDesignName>
<pk>true</pk>
<indexState>Primary Constraint</indexState>
<isSurrogateKey>false</isSurrogateKey>
<indexColumnUsage>
<colUsage columnID="A9B77B8D-59D8-63AE-AEFC-67A37E46E7C8"/>
</indexColumnUsage>
</ind_PK_UK>
</indexes>
</Table>
