<?xml version = '1.0' encoding = 'UTF-8'?>
<Table class="oracle.dbtools.crest.model.design.relational.Table" directorySegmentName="seg_0" id="EA1B3FC6-EA71-E758-EB37-E909A86B739F" name="QUOTE">
<createdBy>Luigi</createdBy>
<createdTime>2022-09-15 03:10:24 UTC</createdTime>
<generatorID>1611F696-C74A-EA70-DDF4-46F94C85BEE6</generatorID>
<ownerDesignName>monh_oraclemodel</ownerDesignName>
<allowColumnReorder>false</allowColumnReorder>
<existDependencyGenerateInDDl>true</existDependencyGenerateInDDl>
<parsed>true</parsed>
<columns itemClass="oracle.dbtools.crest.model.design.relational.Column">
<Column name="quote_no" id="551897EC-47FA-76DA-9CF7-660C5471B6AE">
<createdBy>Luigi</createdBy>
<createdTime>2022-09-15 03:10:24 UTC</createdTime>
<commentInRDBMS><![CDATA[The unique identification number of the quote.]]></commentInRDBMS>
<generatorID>B5B9070B-D661-E5C6-7CDD-DCD07DEFEE1B</generatorID>
<ownerDesignName>monh_oraclemodel</ownerDesignName>
<useDomainConstraints>false</useDomainConstraints>
<use>1</use>
<logicalDatatype>LOGDT019</logicalDatatype>
<dataTypePrecision>4</dataTypePrecision>
<ownDataTypeParameters>,4,</ownDataTypeParameters>
<autoIncrementCycle>false</autoIncrementCycle>
</Column>
<Column name="quote_start_date" id="CBA655B3-757B-920F-1D18-FF32C04DCCEE">
<createdBy>Luigi</createdBy>
<createdTime>2022-09-15 03:10:24 UTC</createdTime>
<commentInRDBMS><![CDATA[The preferred booking start date for the quote.]]></commentInRDBMS>
<generatorID>BA675301-C79A-DB04-34F3-D2F13B6C5770</generatorID>
<ownerDesignName>monh_oraclemodel</ownerDesignName>
<useDomainConstraints>false</useDomainConstraints>
<use>1</use>
<logicalDatatype>LOGDT007</logicalDatatype>
<ownDataTypeParameters>,,</ownDataTypeParameters>
<autoIncrementCycle>false</autoIncrementCycle>
</Column>
<Column name="quote_pickup_loc" id="A5144008-77BF-7163-2E7B-4F100BC22953">
<createdBy>Luigi</createdBy>
<createdTime>2022-09-15 03:10:24 UTC</createdTime>
<commentInRDBMS><![CDATA[The pickup location of the quote.]]></commentInRDBMS>
<generatorID>1EE02693-169A-C65A-86AB-8090C2D082F1</generatorID>
<ownerDesignName>monh_oraclemodel</ownerDesignName>
<useDomainConstraints>false</useDomainConstraints>
<use>1</use>
<logicalDatatype>LOGDT024</logicalDatatype>
<dataTypeSize>100</dataTypeSize>
<ownDataTypeParameters>100,,</ownDataTypeParameters>
<autoIncrementCycle>false</autoIncrementCycle>
</Column>
<Column name="quote_dropoff_loc" id="C0040FB9-7B52-9E6E-F1A8-5B7CD2C1EEFE">
<createdBy>Luigi</createdBy>
<createdTime>2022-09-15 03:10:24 UTC</createdTime>
<commentInRDBMS><![CDATA[The drop off location of the quote.]]></commentInRDBMS>
<generatorID>1C864F72-0274-41C8-7E0B-B05979D1AA71</generatorID>
<ownerDesignName>monh_oraclemodel</ownerDesignName>
<useDomainConstraints>false</useDomainConstraints>
<use>1</use>
<logicalDatatype>LOGDT024</logicalDatatype>
<dataTypeSize>100</dataTypeSize>
<ownDataTypeParameters>100,,</ownDataTypeParameters>
<autoIncrementCycle>false</autoIncrementCycle>
</Column>
<Column name="quote_prep_date" id="D1AA91DB-60AC-B42F-EE02-27961C665E1B">
<createdBy>Luigi</createdBy>
<createdTime>2022-09-15 03:10:24 UTC</createdTime>
<commentInRDBMS><![CDATA[The date on which the quote was prepared.]]></commentInRDBMS>
<generatorID>75212C44-0338-AC63-BE6E-FDD71530E172</generatorID>
<ownerDesignName>monh_oraclemodel</ownerDesignName>
<useDomainConstraints>false</useDomainConstraints>
<use>1</use>
<logicalDatatype>LOGDT007</logicalDatatype>
<ownDataTypeParameters>,,</ownDataTypeParameters>
<autoIncrementCycle>false</autoIncrementCycle>
</Column>
<Column name="quote_cost" id="595DFB3D-0ABF-8778-D6D2-9DEBE69C3D1B">
<createdBy>Luigi</createdBy>
<createdTime>2022-09-15 03:10:24 UTC</createdTime>
<commentInRDBMS><![CDATA[The cost of the quote. The cost is calculated by: (driver hire rate/day + truck class hire rate/day + trailer class hire rate/day) * days]]></commentInRDBMS>
<generatorID>F232713A-6847-3BFF-E3B7-0DB74B90FB42</generatorID>
<ownerDesignName>monh_oraclemodel</ownerDesignName>
<useDomainConstraints>false</useDomainConstraints>
<use>1</use>
<logicalDatatype>LOGDT019</logicalDatatype>
<dataTypePrecision>6</dataTypePrecision>
<dataTypeScale>2</dataTypeScale>
<ownDataTypeParameters>,6,2</ownDataTypeParameters>
<autoIncrementCycle>false</autoIncrementCycle>
</Column>
<Column name="quote_days_required" id="C4D4FD32-8B4B-F6D6-46D0-14FF11FE1F0D">
<createdBy>Luigi</createdBy>
<createdTime>2022-09-15 03:10:24 UTC</createdTime>
<commentInRDBMS><![CDATA[The number of days required to fulfil the quote.]]></commentInRDBMS>
<generatorID>9CFD62B2-FA7E-BC8C-D87F-A4A96DC816B8</generatorID>
<ownerDesignName>monh_oraclemodel</ownerDesignName>
<useDomainConstraints>false</useDomainConstraints>
<use>1</use>
<logicalDatatype>LOGDT019</logicalDatatype>
<dataTypePrecision>2</dataTypePrecision>
<ownDataTypeParameters>,2,</ownDataTypeParameters>
<autoIncrementCycle>false</autoIncrementCycle>
</Column>
<Column name="quote_status" id="E79B5A41-70D4-2229-E717-3A7E79D45127">
<createdBy>Luigi</createdBy>
<createdTime>2022-09-15 03:10:24 UTC</createdTime>
<commentInRDBMS><![CDATA[The status of the quote. A quote can either be fulfilled (F) when the clerk assigns the quote to a job, or unfulfilled (U) when a quote is rejected by the customer or they do not call back with a decision.]]></commentInRDBMS>
<generatorID>E79A68BF-DA73-8C6E-44BA-9BE615173C0F</generatorID>
<ownerDesignName>monh_oraclemodel</ownerDesignName>
<constraintName>chk_quotestatus</constraintName>
<useDomainConstraints>false</useDomainConstraints>
<use>1</use>
<logicalDatatype>LOGDT025</logicalDatatype>
<dataTypeSize>1</dataTypeSize>
<listOfValues>
<valueDef value="F" description="Fulfilled"/>
<valueDef value="U" description="Unfulfilled"/>
</listOfValues>
<ownDataTypeParameters>1,,</ownDataTypeParameters>
<autoIncrementCycle>false</autoIncrementCycle>
</Column>
<Column name="emp_no" id="723B8022-6A7B-D2E1-440A-0B698066D624">
<createdBy>Luigi</createdBy>
<createdTime>2022-09-15 03:10:24 UTC</createdTime>
<commentInRDBMS><![CDATA[The unique identification number of the employee.]]></commentInRDBMS>
<generatorID>5F3EE377-B7EF-8BD4-7BBD-1E10B2FFFF84</generatorID>
<ownerDesignName>monh_oraclemodel</ownerDesignName>
<useDomainConstraints>false</useDomainConstraints>
<use>1</use>
<logicalDatatype>LOGDT019</logicalDatatype>
<dataTypePrecision>4</dataTypePrecision>
<ownDataTypeParameters>,,</ownDataTypeParameters>
<previousColumn>false</previousColumn>
<autoIncrementCycle>false</autoIncrementCycle>
<associations>
<colAssociation fkAssociation="1E2DE4A7-6FCF-54CA-B9FA-2C66BD28A6C7" referredColumn="7FBB241E-8B49-DFF4-49E3-E786F1833702"/>
</associations>
</Column>
<Column name="cust_no" id="B42E12D4-194E-EB2B-1272-8D87E792BE44">
<createdBy>Luigi</createdBy>
<createdTime>2022-09-15 03:10:24 UTC</createdTime>
<commentInRDBMS><![CDATA[The unique identification number the customer.]]></commentInRDBMS>
<generatorID>D962B07A-5157-52EC-F669-0B5F3FD88CF0</generatorID>
<ownerDesignName>monh_oraclemodel</ownerDesignName>
<useDomainConstraints>false</useDomainConstraints>
<use>1</use>
<logicalDatatype>LOGDT019</logicalDatatype>
<dataTypePrecision>7</dataTypePrecision>
<ownDataTypeParameters>,,</ownDataTypeParameters>
<previousColumn>false</previousColumn>
<autoIncrementCycle>false</autoIncrementCycle>
<associations>
<colAssociation fkAssociation="14CF3571-1926-FDB0-1893-62D58A5AE95A" referredColumn="051B15DC-8924-FCBA-DBC7-39FBA2CD95E9"/>
</associations>
</Column>
<Column name="purpose_no" id="AC1CD304-6F35-B35A-7507-142D9229A6BC">
<createdBy>Luigi</createdBy>
<createdTime>2022-09-15 03:10:24 UTC</createdTime>
<commentInRDBMS><![CDATA[The unique identification number (prefixed with the letter "P") for the truck and trailer usage purpose.]]></commentInRDBMS>
<generatorID>C5155AB7-116D-2D8D-CFD4-91E29C631EA9</generatorID>
<ownerDesignName>monh_oraclemodel</ownerDesignName>
<useDomainConstraints>false</useDomainConstraints>
<use>1</use>
<logicalDatatype>LOGDT025</logicalDatatype>
<dataTypeSize>3</dataTypeSize>
<ownDataTypeParameters>,,</ownDataTypeParameters>
<previousColumn>false</previousColumn>
<autoIncrementCycle>false</autoIncrementCycle>
<associations>
<colAssociation fkAssociation="C27BCB1C-40B8-E3D7-545E-B826A7C799A1" referredColumn="87F4F8E8-BD02-F80B-8CCF-39E3C51E2313"/>
</associations>
</Column>
</columns>
<indexes itemClass="oracle.dbtools.crest.model.design.relational.Index">
<ind_PK_UK id="D0E2AAE0-70FD-772A-A90E-F37F7FDB6E15" name="QUOTE_PK">
<createdBy>Luigi</createdBy>
<createdTime>2022-09-15 03:10:24 UTC</createdTime>
<generatorID>044273C8-848F-33BD-0924-16EA8890D3E9</generatorID>
<ownerDesignName>monh_oraclemodel</ownerDesignName>
<pk>true</pk>
<indexState>Primary Constraint</indexState>
<isSurrogateKey>false</isSurrogateKey>
<indexColumnUsage>
<colUsage columnID="551897EC-47FA-76DA-9CF7-660C5471B6AE"/>
</indexColumnUsage>
</ind_PK_UK>
<ind_PK_UK id="686CB9B5-F8DD-9E68-3D43-96B2863D672F" name="CUSTOMER_QUOTE">
<createdBy>Luigi</createdBy>
<createdTime>2022-09-15 03:10:24 UTC</createdTime>
<generatorID>190AFE03-2D5C-5EC5-8A64-A20F979CBFFA</generatorID>
<ownerDesignName>monh_oraclemodel</ownerDesignName>
<indexState>Foreign Key</indexState>
<isSurrogateKey>false</isSurrogateKey>
<indexColumnUsage>
<colUsage columnID="B42E12D4-194E-EB2B-1272-8D87E792BE44"/>
</indexColumnUsage>
</ind_PK_UK>
<ind_PK_UK id="9865B236-634B-9C25-15F9-774ABD3F5C4E" name="EMPLOYEE_QUOTE">
<createdBy>Luigi</createdBy>
<createdTime>2022-09-15 03:10:24 UTC</createdTime>
<generatorID>76FC8D37-DC63-AC7D-77BB-A145F0829E78</generatorID>
<ownerDesignName>monh_oraclemodel</ownerDesignName>
<indexState>Foreign Key</indexState>
<isSurrogateKey>false</isSurrogateKey>
<indexColumnUsage>
<colUsage columnID="723B8022-6A7B-D2E1-440A-0B698066D624"/>
</indexColumnUsage>
</ind_PK_UK>
<ind_PK_UK id="800C2EA2-14CD-1598-DE15-83F7DA08289B" name="PURPOSE_QUOTE">
<createdBy>Luigi</createdBy>
<createdTime>2022-09-15 03:10:24 UTC</createdTime>
<generatorID>B3EEE8F2-8394-8E95-6357-6B3288F74A79</generatorID>
<ownerDesignName>monh_oraclemodel</ownerDesignName>
<indexState>Foreign Key</indexState>
<isSurrogateKey>false</isSurrogateKey>
<indexColumnUsage>
<colUsage columnID="AC1CD304-6F35-B35A-7507-142D9229A6BC"/>
</indexColumnUsage>
</ind_PK_UK>
</indexes>
</Table>
