<?xml version = '1.0' encoding = 'UTF-8'?>
<Entity class="oracle.dbtools.crest.model.design.logical.Entity" directorySegmentName="seg_0" id="14BEF757-7493-EAFD-CAE0-2053243EF624" name="EMPLOYEE">
<createdBy>Luigi</createdBy>
<createdTime>2022-09-11 11:07:27 UTC</createdTime>
<ownerDesignName>monh_oraclemodel</ownerDesignName>
<engineerTo>
<item key="5A4D09F0-585E-C5A9-98D2-7CE22EAC4BDD" value="true"/>
</engineerTo>
<adequatelyNormalized>NO</adequatelyNormalized>
<expectedVolumes>0</expectedVolumes>
<fwdEngineeringStrategyName>Single Table</fwdEngineeringStrategyName>
<growthPercent>0</growthPercent>
<growthType>Year</growthType>
<maxVolumes>9999999</maxVolumes>
<minVolumes>0</minVolumes>
<normalForm>Third</normalForm>
<attributes itemClass="oracle.dbtools.crest.model.design.logical.Attribute">
<Attribute name="emp_no" id="14365ABF-993C-96C2-47E2-D1FC5C742FDE">
<createdBy>Luigi</createdBy>
<createdTime>2022-09-11 11:08:05 UTC</createdTime>
<commentInRDBMS><![CDATA[The unique identification number of the employee.]]></commentInRDBMS>
<ownerDesignName>monh_oraclemodel</ownerDesignName>
<engineerTo>
<item key="5A4D09F0-585E-C5A9-98D2-7CE22EAC4BDD" value="true"/>
</engineerTo>
<useDomainConstraints>false</useDomainConstraints>
<use>1</use>
<logicalDatatype>LOGDT019</logicalDatatype>
<dataTypePrecision>4</dataTypePrecision>
<ownDataTypeParameters>,4,</ownDataTypeParameters>
</Attribute>
<Attribute name="emp_role" id="0A3A717E-6DB0-B21F-B68E-2A9658626F07">
<createdBy>Luigi</createdBy>
<createdTime>2022-09-11 11:09:07 UTC</createdTime>
<commentInRDBMS><![CDATA[The role of the employee (C = Clerk, D = Driver, M = Mechanic, N = Manager, G = General).]]></commentInRDBMS>
<ownerDesignName>monh_oraclemodel</ownerDesignName>
<engineerTo>
<item key="5A4D09F0-585E-C5A9-98D2-7CE22EAC4BDD" value="true"/>
</engineerTo>
<constraintName>chk_emprole</constraintName>
<useDomainConstraints>false</useDomainConstraints>
<use>1</use>
<logicalDatatype>LOGDT025</logicalDatatype>
<dataTypeSize>1</dataTypeSize>
<listOfValues>
<valueDef value="C" description="Clerk"/>
<valueDef value="D" description="Driver"/>
<valueDef value="G" description="General"/>
<valueDef value="M" description="Mechanic"/>
<valueDef value="N" description="Manager"/>
</listOfValues>
<ownDataTypeParameters>1,,</ownDataTypeParameters>
</Attribute>
<Attribute name="emp_tfn" id="ACB3FAD5-5466-2A5B-A092-368A63D93057">
<createdBy>Luigi</createdBy>
<createdTime>2022-09-11 11:09:54 UTC</createdTime>
<commentInRDBMS><![CDATA[The unique tax file number (TFN) of the employee.]]></commentInRDBMS>
<ownerDesignName>monh_oraclemodel</ownerDesignName>
<engineerTo>
<item key="5A4D09F0-585E-C5A9-98D2-7CE22EAC4BDD" value="true"/>
</engineerTo>
<useDomainConstraints>false</useDomainConstraints>
<use>1</use>
<logicalDatatype>LOGDT025</logicalDatatype>
<dataTypeSize>9</dataTypeSize>
<ownDataTypeParameters>9,,</ownDataTypeParameters>
</Attribute>
<Attribute name="emp_famname" id="8BD2EEC2-9167-6A53-EC87-6E6CAFAC1E9B">
<createdBy>Luigi</createdBy>
<createdTime>2022-09-11 11:15:34 UTC</createdTime>
<commentInRDBMS><![CDATA[The family name of the employee.]]></commentInRDBMS>
<ownerDesignName>monh_oraclemodel</ownerDesignName>
<engineerTo>
<item key="5A4D09F0-585E-C5A9-98D2-7CE22EAC4BDD" value="true"/>
</engineerTo>
<useDomainConstraints>false</useDomainConstraints>
<use>1</use>
<logicalDatatype>LOGDT024</logicalDatatype>
<dataTypeSize>50</dataTypeSize>
<ownDataTypeParameters>50,,</ownDataTypeParameters>
</Attribute>
<Attribute name="emp_givname" id="758BE5A2-450B-012E-C746-E3F7834D2FB7">
<createdBy>Luigi</createdBy>
<createdTime>2022-09-11 11:16:25 UTC</createdTime>
<commentInRDBMS><![CDATA[The given name of the employee.]]></commentInRDBMS>
<ownerDesignName>monh_oraclemodel</ownerDesignName>
<engineerTo>
<item key="5A4D09F0-585E-C5A9-98D2-7CE22EAC4BDD" value="true"/>
</engineerTo>
<useDomainConstraints>false</useDomainConstraints>
<use>1</use>
<logicalDatatype>LOGDT024</logicalDatatype>
<dataTypeSize>50</dataTypeSize>
<ownDataTypeParameters>50,,</ownDataTypeParameters>
</Attribute>
<Attribute name="emp_contact_no" id="72D936A0-824F-F804-9983-E73EFB9B40E5">
<createdBy>Luigi</createdBy>
<createdTime>2022-09-11 11:17:13 UTC</createdTime>
<commentInRDBMS><![CDATA[The contact number of the employee.]]></commentInRDBMS>
<ownerDesignName>monh_oraclemodel</ownerDesignName>
<engineerTo>
<item key="5A4D09F0-585E-C5A9-98D2-7CE22EAC4BDD" value="true"/>
</engineerTo>
<useDomainConstraints>false</useDomainConstraints>
<use>1</use>
<logicalDatatype>LOGDT025</logicalDatatype>
<dataTypeSize>10</dataTypeSize>
<ownDataTypeParameters>10,,</ownDataTypeParameters>
</Attribute>
<Attribute name="emp_salary" id="206EC6B6-DF3A-B502-951B-194B146DB64E">
<createdBy>Luigi</createdBy>
<createdTime>2022-09-11 11:18:06 UTC</createdTime>
<commentInRDBMS><![CDATA[The salary of the employee.]]></commentInRDBMS>
<ownerDesignName>monh_oraclemodel</ownerDesignName>
<engineerTo>
<item key="5A4D09F0-585E-C5A9-98D2-7CE22EAC4BDD" value="true"/>
</engineerTo>
<useDomainConstraints>false</useDomainConstraints>
<use>1</use>
<logicalDatatype>LOGDT019</logicalDatatype>
<dataTypePrecision>8</dataTypePrecision>
<dataTypeScale>2</dataTypeScale>
<ownDataTypeParameters>,8,2</ownDataTypeParameters>
</Attribute>
<Attribute name="emp_licence_no" id="15A93F36-0C31-9F2E-A133-F9E1CCD22435">
<createdBy>Luigi</createdBy>
<createdTime>2022-09-11 11:19:17 UTC</createdTime>
<commentInRDBMS><![CDATA[The licence number of the employee (if they are a driver).]]></commentInRDBMS>
<ownerDesignName>monh_oraclemodel</ownerDesignName>
<engineerTo>
<item key="5A4D09F0-585E-C5A9-98D2-7CE22EAC4BDD" value="true"/>
</engineerTo>
<nullsAllowed>true</nullsAllowed>
<useDomainConstraints>false</useDomainConstraints>
<use>1</use>
<logicalDatatype>LOGDT024</logicalDatatype>
<dataTypeSize>15</dataTypeSize>
<ownDataTypeParameters>15,,</ownDataTypeParameters>
</Attribute>
<Attribute name="manager_emp_no" id="D6CF9A22-D8E5-9902-84C6-BED25C610C4B">
<createdBy>Luigi</createdBy>
<createdTime>2022-09-11 12:45:19 UTC</createdTime>
<commentInRDBMS><![CDATA[The unique identification number of the employee.]]></commentInRDBMS>
<generatorID>24CE40AA-61AF-221B-9DEF-994350CC32CD</generatorID>
<ownerDesignName>monh_oraclemodel</ownerDesignName>
<engineerTo>
<item key="5A4D09F0-585E-C5A9-98D2-7CE22EAC4BDD" value="true"/>
</engineerTo>
<nullsAllowed>true</nullsAllowed>
<referedAttribute>14365ABF-993C-96C2-47E2-D1FC5C742FDE</referedAttribute>
<useDomainConstraints>false</useDomainConstraints>
<use>1</use>
<logicalDatatype>LOGDT019</logicalDatatype>
<dataTypePrecision>4</dataTypePrecision>
<ownDataTypeParameters>,4,</ownDataTypeParameters>
</Attribute>
<Attribute name="emp_highest_trckclass_id" id="66551039-21D1-B373-A530-E7B23DE4DD6F">
<createdBy>Luigi</createdBy>
<createdTime>2022-09-14 05:50:46 UTC</createdTime>
<commentInRDBMS><![CDATA[the truck class's id (surrogate primary key)]]></commentInRDBMS>
<generatorID>5A5997C5-6F25-AF1C-C85C-F5CD02869071</generatorID>
<ownerDesignName>monh_oraclemodel</ownerDesignName>
<engineerTo>
<item key="5A4D09F0-585E-C5A9-98D2-7CE22EAC4BDD" value="true"/>
</engineerTo>
<nullsAllowed>true</nullsAllowed>
<referedAttribute>6F5D825A-9152-F686-7AD6-92CDAF4F0472</referedAttribute>
<useDomainConstraints>false</useDomainConstraints>
<use>1</use>
<logicalDatatype>LOGDT019</logicalDatatype>
<dataTypePrecision>4</dataTypePrecision>
<ownDataTypeParameters>,,</ownDataTypeParameters>
</Attribute>
</attributes>
<identifiers itemClass="oracle.dbtools.crest.model.design.logical.CandidateKey">
<identifier id="A6E84A10-5C75-512C-4737-6229B066C0DC" name="EMPLOYEE PK">
<createdBy>Luigi</createdBy>
<createdTime>2022-09-11 11:08:33 UTC</createdTime>
<ownerDesignName>monh_oraclemodel</ownerDesignName>
<engineerTo>
<item key="5A4D09F0-585E-C5A9-98D2-7CE22EAC4BDD" value="true"/>
</engineerTo>
<pk>true</pk>
<usedAttributes>
<attributeRef>14365ABF-993C-96C2-47E2-D1FC5C742FDE</attributeRef>
</usedAttributes>
</identifier>
</identifiers>
</Entity>
