<?xml version = '1.0' encoding = 'UTF-8'?>
<Entity class="oracle.dbtools.crest.model.design.logical.Entity" directorySegmentName="seg_0" id="1611F696-C74A-EA70-DDF4-46F94C85BEE6" name="QUOTE">
<createdBy>Luigi</createdBy>
<createdTime>2022-09-11 10:43:59 UTC</createdTime>
<ownerDesignName>monh_oraclemodel</ownerDesignName>
<engineerTo>
<item key="5A4D09F0-585E-C5A9-98D2-7CE22EAC4BDD" value="true"/>
</engineerTo>
<adequatelyNormalized>NO</adequatelyNormalized>
<expectedVolumes>0</expectedVolumes>
<fwdEngineeringStrategyName>Single Table</fwdEngineeringStrategyName>
<growthPercent>0</growthPercent>
<growthType>Year</growthType>
<maxVolumes>9999999</maxVolumes>
<minVolumes>0</minVolumes>
<normalForm>Third</normalForm>
<attributes itemClass="oracle.dbtools.crest.model.design.logical.Attribute">
<Attribute name="quote_no" id="B5B9070B-D661-E5C6-7CDD-DCD07DEFEE1B">
<createdBy>Luigi</createdBy>
<createdTime>2022-09-11 10:44:11 UTC</createdTime>
<commentInRDBMS><![CDATA[The unique identification number of the quote.]]></commentInRDBMS>
<ownerDesignName>monh_oraclemodel</ownerDesignName>
<engineerTo>
<item key="5A4D09F0-585E-C5A9-98D2-7CE22EAC4BDD" value="true"/>
</engineerTo>
<useDomainConstraints>false</useDomainConstraints>
<use>1</use>
<logicalDatatype>LOGDT019</logicalDatatype>
<dataTypePrecision>4</dataTypePrecision>
<ownDataTypeParameters>,4,</ownDataTypeParameters>
</Attribute>
<Attribute name="quote_start_date" id="BA675301-C79A-DB04-34F3-D2F13B6C5770">
<createdBy>Luigi</createdBy>
<createdTime>2022-09-11 10:46:13 UTC</createdTime>
<commentInRDBMS><![CDATA[The preferred booking start date for the quote.]]></commentInRDBMS>
<ownerDesignName>monh_oraclemodel</ownerDesignName>
<engineerTo>
<item key="5A4D09F0-585E-C5A9-98D2-7CE22EAC4BDD" value="true"/>
</engineerTo>
<useDomainConstraints>false</useDomainConstraints>
<use>1</use>
<logicalDatatype>LOGDT007</logicalDatatype>
<ownDataTypeParameters>,,</ownDataTypeParameters>
</Attribute>
<Attribute name="quote_pickup_loc" id="1EE02693-169A-C65A-86AB-8090C2D082F1">
<createdBy>Luigi</createdBy>
<createdTime>2022-09-11 10:47:11 UTC</createdTime>
<commentInRDBMS><![CDATA[The pickup location of the quote.]]></commentInRDBMS>
<ownerDesignName>monh_oraclemodel</ownerDesignName>
<engineerTo>
<item key="5A4D09F0-585E-C5A9-98D2-7CE22EAC4BDD" value="true"/>
</engineerTo>
<useDomainConstraints>false</useDomainConstraints>
<use>1</use>
<logicalDatatype>LOGDT024</logicalDatatype>
<dataTypeSize>100</dataTypeSize>
<ownDataTypeParameters>100,,</ownDataTypeParameters>
</Attribute>
<Attribute name="quote_dropoff_loc" id="1C864F72-0274-41C8-7E0B-B05979D1AA71">
<createdBy>Luigi</createdBy>
<createdTime>2022-09-11 10:48:48 UTC</createdTime>
<commentInRDBMS><![CDATA[The drop off location of the quote.]]></commentInRDBMS>
<ownerDesignName>monh_oraclemodel</ownerDesignName>
<engineerTo>
<item key="5A4D09F0-585E-C5A9-98D2-7CE22EAC4BDD" value="true"/>
</engineerTo>
<useDomainConstraints>false</useDomainConstraints>
<use>1</use>
<logicalDatatype>LOGDT024</logicalDatatype>
<dataTypeSize>100</dataTypeSize>
<ownDataTypeParameters>100,,</ownDataTypeParameters>
</Attribute>
<Attribute name="quote_prep_date" id="75212C44-0338-AC63-BE6E-FDD71530E172">
<createdBy>Luigi</createdBy>
<createdTime>2022-09-11 10:50:18 UTC</createdTime>
<commentInRDBMS><![CDATA[The date on which the quote was prepared.]]></commentInRDBMS>
<ownerDesignName>monh_oraclemodel</ownerDesignName>
<engineerTo>
<item key="5A4D09F0-585E-C5A9-98D2-7CE22EAC4BDD" value="true"/>
</engineerTo>
<useDomainConstraints>false</useDomainConstraints>
<use>1</use>
<logicalDatatype>LOGDT007</logicalDatatype>
<ownDataTypeParameters>,,</ownDataTypeParameters>
</Attribute>
<Attribute name="quote_cost" id="F232713A-6847-3BFF-E3B7-0DB74B90FB42">
<createdBy>Luigi</createdBy>
<createdTime>2022-09-11 10:55:27 UTC</createdTime>
<commentInRDBMS><![CDATA[The cost of the quote. The cost is calculated by: (driver hire rate/day + truck class hire rate/day + trailer class hire rate/day) * days]]></commentInRDBMS>
<ownerDesignName>monh_oraclemodel</ownerDesignName>
<engineerTo>
<item key="5A4D09F0-585E-C5A9-98D2-7CE22EAC4BDD" value="true"/>
</engineerTo>
<useDomainConstraints>false</useDomainConstraints>
<use>1</use>
<logicalDatatype>LOGDT019</logicalDatatype>
<dataTypePrecision>6</dataTypePrecision>
<dataTypeScale>2</dataTypeScale>
<ownDataTypeParameters>,6,2</ownDataTypeParameters>
</Attribute>
<Attribute name="quote_days_required" id="9CFD62B2-FA7E-BC8C-D87F-A4A96DC816B8">
<createdBy>Luigi</createdBy>
<createdTime>2022-09-13 07:38:31 UTC</createdTime>
<commentInRDBMS><![CDATA[The number of days required to fulfil the quote.]]></commentInRDBMS>
<ownerDesignName>monh_oraclemodel</ownerDesignName>
<engineerTo>
<item key="5A4D09F0-585E-C5A9-98D2-7CE22EAC4BDD" value="true"/>
</engineerTo>
<useDomainConstraints>false</useDomainConstraints>
<use>1</use>
<logicalDatatype>LOGDT019</logicalDatatype>
<dataTypePrecision>2</dataTypePrecision>
<ownDataTypeParameters>,2,</ownDataTypeParameters>
</Attribute>
<Attribute name="quote_status" id="E79A68BF-DA73-8C6E-44BA-9BE615173C0F">
<createdBy>Luigi</createdBy>
<createdTime>2022-09-11 10:57:48 UTC</createdTime>
<commentInRDBMS><![CDATA[The status of the quote. A quote can either be fulfilled (F) when the clerk assigns the quote to a job, or unfulfilled (U) when a quote is rejected by the customer or they do not call back with a decision.]]></commentInRDBMS>
<ownerDesignName>monh_oraclemodel</ownerDesignName>
<engineerTo>
<item key="5A4D09F0-585E-C5A9-98D2-7CE22EAC4BDD" value="true"/>
</engineerTo>
<constraintName>chk_quotestatus</constraintName>
<useDomainConstraints>false</useDomainConstraints>
<use>1</use>
<logicalDatatype>LOGDT025</logicalDatatype>
<dataTypeSize>1</dataTypeSize>
<listOfValues>
<valueDef value="F" description="Fulfilled"/>
<valueDef value="U" description="Unfulfilled"/>
</listOfValues>
<ownDataTypeParameters>1,,</ownDataTypeParameters>
</Attribute>
<Attribute name="emp_no" id="5F3EE377-B7EF-8BD4-7BBD-1E10B2FFFF84">
<createdBy>Luigi</createdBy>
<createdTime>2022-09-11 12:43:47 UTC</createdTime>
<commentInRDBMS><![CDATA[The unique identification number of the employee.]]></commentInRDBMS>
<generatorID>76FC8D37-DC63-AC7D-77BB-A145F0829E78</generatorID>
<ownerDesignName>monh_oraclemodel</ownerDesignName>
<engineerTo>
<item key="5A4D09F0-585E-C5A9-98D2-7CE22EAC4BDD" value="true"/>
</engineerTo>
<referedAttribute>14365ABF-993C-96C2-47E2-D1FC5C742FDE</referedAttribute>
<useDomainConstraints>false</useDomainConstraints>
<use>1</use>
<logicalDatatype>LOGDT019</logicalDatatype>
<dataTypePrecision>4</dataTypePrecision>
<ownDataTypeParameters>,,</ownDataTypeParameters>
</Attribute>
<Attribute name="cust_no" id="D962B07A-5157-52EC-F669-0B5F3FD88CF0">
<createdBy>Luigi</createdBy>
<createdTime>2022-09-11 12:44:35 UTC</createdTime>
<commentInRDBMS><![CDATA[The unique identification number the customer.]]></commentInRDBMS>
<generatorID>190AFE03-2D5C-5EC5-8A64-A20F979CBFFA</generatorID>
<ownerDesignName>monh_oraclemodel</ownerDesignName>
<engineerTo>
<item key="5A4D09F0-585E-C5A9-98D2-7CE22EAC4BDD" value="true"/>
</engineerTo>
<referedAttribute>4FE78590-14F9-B7F5-27BF-C8C4A6138E7B</referedAttribute>
<useDomainConstraints>false</useDomainConstraints>
<use>1</use>
<logicalDatatype>LOGDT019</logicalDatatype>
<dataTypePrecision>7</dataTypePrecision>
<ownDataTypeParameters>,,</ownDataTypeParameters>
</Attribute>
<Attribute name="purpose_no" id="C5155AB7-116D-2D8D-CFD4-91E29C631EA9">
<createdBy>Luigi</createdBy>
<createdTime>2022-09-13 07:34:50 UTC</createdTime>
<commentInRDBMS><![CDATA[The unique identification number (prefixed with the letter "P") for the truck and trailer usage purpose.]]></commentInRDBMS>
<generatorID>B3EEE8F2-8394-8E95-6357-6B3288F74A79</generatorID>
<ownerDesignName>monh_oraclemodel</ownerDesignName>
<engineerTo>
<item key="5A4D09F0-585E-C5A9-98D2-7CE22EAC4BDD" value="true"/>
</engineerTo>
<referedAttribute>1908ABCD-962B-CC5E-540E-223EFEB483FE</referedAttribute>
<useDomainConstraints>false</useDomainConstraints>
<use>1</use>
<logicalDatatype>LOGDT025</logicalDatatype>
<dataTypeSize>3</dataTypeSize>
<ownDataTypeParameters>,,</ownDataTypeParameters>
</Attribute>
</attributes>
<identifiers itemClass="oracle.dbtools.crest.model.design.logical.CandidateKey">
<identifier id="044273C8-848F-33BD-0924-16EA8890D3E9" name="QUOTE PK">
<createdBy>Luigi</createdBy>
<createdTime>2022-09-11 10:44:58 UTC</createdTime>
<ownerDesignName>monh_oraclemodel</ownerDesignName>
<engineerTo>
<item key="5A4D09F0-585E-C5A9-98D2-7CE22EAC4BDD" value="true"/>
</engineerTo>
<pk>true</pk>
<usedAttributes>
<attributeRef>B5B9070B-D661-E5C6-7CDD-DCD07DEFEE1B</attributeRef>
</usedAttributes>
</identifier>
</identifiers>
</Entity>
