<?xml version = '1.0' encoding = 'UTF-8'?>
<Entity class="oracle.dbtools.crest.model.design.logical.Entity" directorySegmentName="seg_0" id="1B569311-47CC-7D2B-116E-E17B3267185D" name="TRAILERCLASS">
<createdBy>Luigi</createdBy>
<createdTime>2022-09-11 12:13:58 UTC</createdTime>
<ownerDesignName>monh_oraclemodel</ownerDesignName>
<engineerTo>
<item key="5A4D09F0-585E-C5A9-98D2-7CE22EAC4BDD" value="true"/>
</engineerTo>
<adequatelyNormalized>NO</adequatelyNormalized>
<expectedVolumes>0</expectedVolumes>
<fwdEngineeringStrategyName>Single Table</fwdEngineeringStrategyName>
<growthPercent>0</growthPercent>
<growthType>Year</growthType>
<maxVolumes>9999999</maxVolumes>
<minVolumes>0</minVolumes>
<normalForm>Third</normalForm>
<attributes itemClass="oracle.dbtools.crest.model.design.logical.Attribute">
<Attribute name="trailclass_id" id="60646F99-4EC0-CF02-492F-2B6F2FAD8D6C">
<createdBy>josh</createdBy>
<createdTime>2022-09-14 04:00:44 UTC</createdTime>
<commentInRDBMS><![CDATA[the id of the trailer's class (surrogate primary key)]]></commentInRDBMS>
<ownerDesignName>monh_oraclemodel</ownerDesignName>
<engineerTo>
<item key="5A4D09F0-585E-C5A9-98D2-7CE22EAC4BDD" value="true"/>
</engineerTo>
<useDomainConstraints>false</useDomainConstraints>
<use>1</use>
<logicalDatatype>LOGDT019</logicalDatatype>
<dataTypePrecision>4</dataTypePrecision>
<ownDataTypeParameters>,4,</ownDataTypeParameters>
</Attribute>
<Attribute name="trailclass_daily_hire_rate" id="4F839D1B-A95B-B257-9931-7F31B09FB23A">
<createdBy>Luigi</createdBy>
<createdTime>2022-09-11 12:17:23 UTC</createdTime>
<commentInRDBMS><![CDATA[The daily hire rate of a trailer that is determined by the trailer class.]]></commentInRDBMS>
<ownerDesignName>monh_oraclemodel</ownerDesignName>
<engineerTo>
<item key="5A4D09F0-585E-C5A9-98D2-7CE22EAC4BDD" value="true"/>
</engineerTo>
<useDomainConstraints>false</useDomainConstraints>
<use>1</use>
<logicalDatatype>LOGDT019</logicalDatatype>
<dataTypePrecision>5</dataTypePrecision>
<dataTypeScale>2</dataTypeScale>
<ownDataTypeParameters>,5,2</ownDataTypeParameters>
</Attribute>
<Attribute name="trailclass_code" id="73E09BC1-5437-928A-0603-5CEA57B5DF27">
<createdBy>Luigi</createdBy>
<createdTime>2022-09-13 07:08:27 UTC</createdTime>
<commentInRDBMS><![CDATA[The "code" name of the trailer class.]]></commentInRDBMS>
<ownerDesignName>monh_oraclemodel</ownerDesignName>
<engineerTo>
<item key="5A4D09F0-585E-C5A9-98D2-7CE22EAC4BDD" value="true"/>
</engineerTo>
<useDomainConstraints>false</useDomainConstraints>
<use>1</use>
<logicalDatatype>LOGDT024</logicalDatatype>
<dataTypeSize>3</dataTypeSize>
<ownDataTypeParameters>3,,</ownDataTypeParameters>
</Attribute>
</attributes>
<identifiers itemClass="oracle.dbtools.crest.model.design.logical.CandidateKey">
<identifier id="872E9EB7-222F-CA64-9755-0EECD87A9906" name="TRAILERCLASS PK">
<createdBy>Luigi</createdBy>
<createdTime>2022-09-11 12:15:21 UTC</createdTime>
<ownerDesignName>monh_oraclemodel</ownerDesignName>
<engineerTo>
<item key="5A4D09F0-585E-C5A9-98D2-7CE22EAC4BDD" value="true"/>
</engineerTo>
<pk>true</pk>
<newElementsIDs>60646F99-4EC0-CF02-492F-2B6F2FAD8D6C</newElementsIDs>
<usedAttributes>
<attributeRef>60646F99-4EC0-CF02-492F-2B6F2FAD8D6C</attributeRef>
</usedAttributes>
</identifier>
<identifier id="1300B5E5-7E69-F291-F447-133C397CC7A7" name="TRAILERCLASS_NK">
<createdBy>josh</createdBy>
<createdTime>2022-09-14 04:01:27 UTC</createdTime>
<ownerDesignName>monh_oraclemodel</ownerDesignName>
<engineerTo>
<item key="5A4D09F0-585E-C5A9-98D2-7CE22EAC4BDD" value="true"/>
</engineerTo>
<newElementsIDs>1274A758-AEE9-FCFA-BB40-1CB3DFD4C4FC,08CF0E33-3E42-41D8-AC52-7A51E0142C59</newElementsIDs>
</identifier>
</identifiers>
</Entity>
