<?xml version = '1.0' encoding = 'UTF-8'?>
<Entity class="oracle.dbtools.crest.model.design.logical.Entity" directorySegmentName="seg_0" id="60521AD2-89B2-82C8-02EC-B40729484938" name="COMBO_PURPOSE">
<createdBy>Luigi</createdBy>
<createdTime>2022-09-13 06:35:50 UTC</createdTime>
<ownerDesignName>monh_oraclemodel</ownerDesignName>
<engineerTo>
<item key="5A4D09F0-585E-C5A9-98D2-7CE22EAC4BDD" value="true"/>
</engineerTo>
<adequatelyNormalized>NO</adequatelyNormalized>
<expectedVolumes>0</expectedVolumes>
<fwdEngineeringStrategyName>Single Table</fwdEngineeringStrategyName>
<growthPercent>0</growthPercent>
<growthType>Year</growthType>
<maxVolumes>9999999</maxVolumes>
<minVolumes>0</minVolumes>
<normalForm>Third</normalForm>
<attributes itemClass="oracle.dbtools.crest.model.design.logical.Attribute">
<Attribute name="purpose_no" id="FF28978D-11A4-8A89-F190-C38FB366FA14">
<createdBy>Luigi</createdBy>
<createdTime>2022-09-13 06:37:29 UTC</createdTime>
<commentInRDBMS><![CDATA[The unique identification number (prefixed with the letter "P") for the truck and trailer usage purpose.]]></commentInRDBMS>
<generatorID>660F3108-192E-9938-03E0-93082C1AE8E2</generatorID>
<ownerDesignName>monh_oraclemodel</ownerDesignName>
<engineerTo>
<item key="5A4D09F0-585E-C5A9-98D2-7CE22EAC4BDD" value="true"/>
</engineerTo>
<referedAttribute>1908ABCD-962B-CC5E-540E-223EFEB483FE</referedAttribute>
<useDomainConstraints>false</useDomainConstraints>
<use>1</use>
<logicalDatatype>LOGDT025</logicalDatatype>
<dataTypeSize>3</dataTypeSize>
<ownDataTypeParameters>,,</ownDataTypeParameters>
</Attribute>
<Attribute name="combo_code" id="2BFFC69F-6843-EAAD-56B5-FBF114058D87">
<createdBy>Luigi</createdBy>
<createdTime>2022-09-13 06:39:50 UTC</createdTime>
<commentInRDBMS><![CDATA[The unique identification code (prefixed with the letter "C") for the truck and trailer combo.]]></commentInRDBMS>
<generatorID>55AA26E2-564E-11BE-9CC7-C974D399B08A</generatorID>
<ownerDesignName>monh_oraclemodel</ownerDesignName>
<engineerTo>
<item key="5A4D09F0-585E-C5A9-98D2-7CE22EAC4BDD" value="true"/>
</engineerTo>
<referedAttribute>0E02EBFE-1CBC-F03D-D750-79A53612D8C6</referedAttribute>
<useDomainConstraints>false</useDomainConstraints>
<use>1</use>
<logicalDatatype>LOGDT025</logicalDatatype>
<dataTypeSize>3</dataTypeSize>
<ownDataTypeParameters>,,</ownDataTypeParameters>
</Attribute>
</attributes>
<identifiers itemClass="oracle.dbtools.crest.model.design.logical.CandidateKey">
<identifier id="4EC09D05-321B-8A01-4D71-7076DB962F2F" name="COMBO_PURPOSE PK">
<createdBy>Luigi</createdBy>
<createdTime>2022-09-13 06:37:29 UTC</createdTime>
<ownerDesignName>monh_oraclemodel</ownerDesignName>
<engineerTo>
<item key="5A4D09F0-585E-C5A9-98D2-7CE22EAC4BDD" value="true"/>
</engineerTo>
<pk>true</pk>
<usedAttributes>
<attributeRef>FF28978D-11A4-8A89-F190-C38FB366FA14</attributeRef>
<attributeRef>2BFFC69F-6843-EAAD-56B5-FBF114058D87</attributeRef>
</usedAttributes>
</identifier>
</identifiers>
</Entity>
