<?xml version = '1.0' encoding = 'UTF-8'?>
<Entity class="oracle.dbtools.crest.model.design.logical.Entity" directorySegmentName="seg_0" id="72AAC481-68C0-5577-99A1-139199E9B9A0" name="TRUCKMODEL">
<createdBy>josh</createdBy>
<createdTime>2022-09-14 03:31:23 UTC</createdTime>
<ownerDesignName>monh_oraclemodel</ownerDesignName>
<engineerTo>
<item key="5A4D09F0-585E-C5A9-98D2-7CE22EAC4BDD" value="true"/>
</engineerTo>
<adequatelyNormalized>NO</adequatelyNormalized>
<expectedVolumes>0</expectedVolumes>
<fwdEngineeringStrategyName>Single Table</fwdEngineeringStrategyName>
<growthPercent>0</growthPercent>
<growthType>Year</growthType>
<maxVolumes>9999999</maxVolumes>
<minVolumes>0</minVolumes>
<normalForm>Third</normalForm>
<attributes itemClass="oracle.dbtools.crest.model.design.logical.Attribute">
<Attribute name="trckmodel_id" id="E0A0DEB4-E17C-BF72-8C71-D2891BF6C039">
<createdBy>josh</createdBy>
<createdTime>2022-09-14 03:32:37 UTC</createdTime>
<commentInRDBMS><![CDATA[The unique identifier of a truck model.]]></commentInRDBMS>
<ownerDesignName>monh_oraclemodel</ownerDesignName>
<engineerTo>
<item key="5A4D09F0-585E-C5A9-98D2-7CE22EAC4BDD" value="true"/>
</engineerTo>
<useDomainConstraints>false</useDomainConstraints>
<use>1</use>
<logicalDatatype>LOGDT019</logicalDatatype>
<dataTypePrecision>4</dataTypePrecision>
<ownDataTypeParameters>,4,</ownDataTypeParameters>
</Attribute>
<Attribute name="trckmodel_name" id="AB1D4DD8-6527-4389-268C-F38BA79420F3">
<createdBy>josh</createdBy>
<createdTime>2022-09-14 03:33:12 UTC</createdTime>
<commentInRDBMS><![CDATA[The name of the truck model.]]></commentInRDBMS>
<ownerDesignName>monh_oraclemodel</ownerDesignName>
<engineerTo>
<item key="5A4D09F0-585E-C5A9-98D2-7CE22EAC4BDD" value="true"/>
</engineerTo>
<useDomainConstraints>false</useDomainConstraints>
<use>1</use>
<logicalDatatype>LOGDT024</logicalDatatype>
<dataTypeSize>50</dataTypeSize>
<ownDataTypeParameters>50,,</ownDataTypeParameters>
</Attribute>
</attributes>
<identifiers itemClass="oracle.dbtools.crest.model.design.logical.CandidateKey">
<identifier id="E87BE48A-6AD0-8148-272C-F1538B46C1F6" name="TRUCK_MODEL PK">
<createdBy>josh</createdBy>
<createdTime>2022-09-14 03:32:54 UTC</createdTime>
<ownerDesignName>monh_oraclemodel</ownerDesignName>
<engineerTo>
<item key="5A4D09F0-585E-C5A9-98D2-7CE22EAC4BDD" value="true"/>
</engineerTo>
<pk>true</pk>
<usedAttributes>
<attributeRef>E0A0DEB4-E17C-BF72-8C71-D2891BF6C039</attributeRef>
</usedAttributes>
</identifier>
</identifiers>
</Entity>
