<?xml version = '1.0' encoding = 'UTF-8'?>
<Entity class="oracle.dbtools.crest.model.design.logical.Entity" directorySegmentName="seg_0" id="7ED0F6E3-00B4-6441-0957-CEB4434EF44B" name="CUSTOMER">
<createdBy>Luigi</createdBy>
<createdTime>2022-09-11 11:23:00 UTC</createdTime>
<ownerDesignName>monh_oraclemodel</ownerDesignName>
<engineerTo>
<item key="5A4D09F0-585E-C5A9-98D2-7CE22EAC4BDD" value="true"/>
</engineerTo>
<adequatelyNormalized>NO</adequatelyNormalized>
<expectedVolumes>0</expectedVolumes>
<fwdEngineeringStrategyName>Single Table</fwdEngineeringStrategyName>
<growthPercent>0</growthPercent>
<growthType>Year</growthType>
<maxVolumes>9999999</maxVolumes>
<minVolumes>0</minVolumes>
<normalForm>Third</normalForm>
<attributes itemClass="oracle.dbtools.crest.model.design.logical.Attribute">
<Attribute name="cust_no" id="4FE78590-14F9-B7F5-27BF-C8C4A6138E7B">
<createdBy>Luigi</createdBy>
<createdTime>2022-09-11 11:23:25 UTC</createdTime>
<commentInRDBMS><![CDATA[The unique identification number the customer.]]></commentInRDBMS>
<ownerDesignName>monh_oraclemodel</ownerDesignName>
<engineerTo>
<item key="5A4D09F0-585E-C5A9-98D2-7CE22EAC4BDD" value="true"/>
</engineerTo>
<useDomainConstraints>false</useDomainConstraints>
<use>1</use>
<logicalDatatype>LOGDT019</logicalDatatype>
<dataTypePrecision>7</dataTypePrecision>
<ownDataTypeParameters>,7,</ownDataTypeParameters>
</Attribute>
<Attribute name="cust_famname" id="AE1E25B0-8A3F-7C64-7D4E-BE1EDBE30A98">
<createdBy>Luigi</createdBy>
<createdTime>2022-09-11 11:24:07 UTC</createdTime>
<commentInRDBMS><![CDATA[The family name of the customer.]]></commentInRDBMS>
<ownerDesignName>monh_oraclemodel</ownerDesignName>
<engineerTo>
<item key="5A4D09F0-585E-C5A9-98D2-7CE22EAC4BDD" value="true"/>
</engineerTo>
<useDomainConstraints>false</useDomainConstraints>
<use>1</use>
<logicalDatatype>LOGDT024</logicalDatatype>
<dataTypeSize>50</dataTypeSize>
<ownDataTypeParameters>50,,</ownDataTypeParameters>
</Attribute>
<Attribute name="cust_givname" id="53783623-A75E-1292-5D69-793A42CE6282">
<createdBy>Luigi</createdBy>
<createdTime>2022-09-11 11:24:31 UTC</createdTime>
<commentInRDBMS><![CDATA[The given name of the customer.]]></commentInRDBMS>
<ownerDesignName>monh_oraclemodel</ownerDesignName>
<engineerTo>
<item key="5A4D09F0-585E-C5A9-98D2-7CE22EAC4BDD" value="true"/>
</engineerTo>
<useDomainConstraints>false</useDomainConstraints>
<use>1</use>
<logicalDatatype>LOGDT024</logicalDatatype>
<dataTypeSize>50</dataTypeSize>
<ownDataTypeParameters>50,,</ownDataTypeParameters>
</Attribute>
<Attribute name="cust_busname" id="C97E1CE7-45B2-AF7C-8A6C-2832D907C1BB">
<createdBy>Luigi</createdBy>
<createdTime>2022-09-11 11:24:58 UTC</createdTime>
<commentInRDBMS><![CDATA[The business name of the customer (if applicable).]]></commentInRDBMS>
<ownerDesignName>monh_oraclemodel</ownerDesignName>
<engineerTo>
<item key="5A4D09F0-585E-C5A9-98D2-7CE22EAC4BDD" value="true"/>
</engineerTo>
<nullsAllowed>true</nullsAllowed>
<useDomainConstraints>false</useDomainConstraints>
<use>1</use>
<logicalDatatype>LOGDT024</logicalDatatype>
<dataTypeSize>50</dataTypeSize>
<ownDataTypeParameters>50,,</ownDataTypeParameters>
</Attribute>
<Attribute name="cust_address" id="8641BCB9-48D0-5FD2-EC3B-FE0BE24A3DF1">
<createdBy>Luigi</createdBy>
<createdTime>2022-09-11 11:27:01 UTC</createdTime>
<commentInRDBMS><![CDATA[The address of the customer.]]></commentInRDBMS>
<ownerDesignName>monh_oraclemodel</ownerDesignName>
<engineerTo>
<item key="5A4D09F0-585E-C5A9-98D2-7CE22EAC4BDD" value="true"/>
</engineerTo>
<useDomainConstraints>false</useDomainConstraints>
<use>1</use>
<logicalDatatype>LOGDT024</logicalDatatype>
<dataTypeSize>100</dataTypeSize>
<ownDataTypeParameters>100,,</ownDataTypeParameters>
</Attribute>
<Attribute name="cust_contact_no" id="2FFBB022-D455-5F92-C4AD-DADD837116E6">
<createdBy>Luigi</createdBy>
<createdTime>2022-09-11 11:27:42 UTC</createdTime>
<commentInRDBMS><![CDATA[The contact number of the customer.]]></commentInRDBMS>
<ownerDesignName>monh_oraclemodel</ownerDesignName>
<engineerTo>
<item key="5A4D09F0-585E-C5A9-98D2-7CE22EAC4BDD" value="true"/>
</engineerTo>
<useDomainConstraints>false</useDomainConstraints>
<use>1</use>
<logicalDatatype>LOGDT025</logicalDatatype>
<dataTypeSize>10</dataTypeSize>
<ownDataTypeParameters>10,,</ownDataTypeParameters>
</Attribute>
</attributes>
<identifiers itemClass="oracle.dbtools.crest.model.design.logical.CandidateKey">
<identifier id="1651C4F4-5856-BDA3-5487-C98B7B328976" name="CUSTOMER PK">
<createdBy>Luigi</createdBy>
<createdTime>2022-09-11 11:23:58 UTC</createdTime>
<ownerDesignName>monh_oraclemodel</ownerDesignName>
<engineerTo>
<item key="5A4D09F0-585E-C5A9-98D2-7CE22EAC4BDD" value="true"/>
</engineerTo>
<pk>true</pk>
<usedAttributes>
<attributeRef>4FE78590-14F9-B7F5-27BF-C8C4A6138E7B</attributeRef>
</usedAttributes>
</identifier>
</identifiers>
</Entity>
