<?xml version = '1.0' encoding = 'UTF-8'?>
<Entity class="oracle.dbtools.crest.model.design.logical.Entity" directorySegmentName="seg_0" id="A428E56D-23DA-1D48-6D43-2DFFA3033214" name="TRUCKCLASS">
<createdBy>Luigi</createdBy>
<createdTime>2022-09-11 12:05:55 UTC</createdTime>
<ownerDesignName>monh_oraclemodel</ownerDesignName>
<engineerTo>
<item key="5A4D09F0-585E-C5A9-98D2-7CE22EAC4BDD" value="true"/>
</engineerTo>
<adequatelyNormalized>NO</adequatelyNormalized>
<expectedVolumes>0</expectedVolumes>
<fwdEngineeringStrategyName>Single Table</fwdEngineeringStrategyName>
<growthPercent>0</growthPercent>
<growthType>Year</growthType>
<maxVolumes>9999999</maxVolumes>
<minVolumes>0</minVolumes>
<normalForm>Third</normalForm>
<attributes itemClass="oracle.dbtools.crest.model.design.logical.Attribute">
<Attribute name="trckclass_name" id="CABBB479-97B7-6B91-DB61-CEF9122C88E0">
<createdBy>Luigi</createdBy>
<createdTime>2022-09-15 02:49:30 UTC</createdTime>
<commentInRDBMS><![CDATA[The name that is used to uniquely identify the truck class.]]></commentInRDBMS>
<ownerDesignName>monh_oraclemodel</ownerDesignName>
<engineerTo>
<item key="5A4D09F0-585E-C5A9-98D2-7CE22EAC4BDD" value="true"/>
</engineerTo>
<useDomainConstraints>false</useDomainConstraints>
<use>1</use>
<logicalDatatype>LOGDT024</logicalDatatype>
<dataTypeSize>10</dataTypeSize>
<ownDataTypeParameters>10,,</ownDataTypeParameters>
</Attribute>
<Attribute name="trkclass_daily_hire_rate" id="0518AA91-DBF1-348C-F963-066954466B0D">
<createdBy>Luigi</createdBy>
<createdTime>2022-09-11 12:10:20 UTC</createdTime>
<commentInRDBMS><![CDATA[The daily hire rate of a truck that is determined by the truck class.]]></commentInRDBMS>
<ownerDesignName>monh_oraclemodel</ownerDesignName>
<engineerTo>
<item key="5A4D09F0-585E-C5A9-98D2-7CE22EAC4BDD" value="true"/>
</engineerTo>
<useDomainConstraints>false</useDomainConstraints>
<use>1</use>
<logicalDatatype>LOGDT019</logicalDatatype>
<dataTypePrecision>5</dataTypePrecision>
<dataTypeScale>2</dataTypeScale>
<ownDataTypeParameters>,5,2</ownDataTypeParameters>
</Attribute>
<Attribute name="trkclass_driver_hire_rate" id="DFDC558C-6171-3986-695E-EE17A0057535">
<createdBy>Luigi</createdBy>
<createdTime>2022-09-11 12:12:17 UTC</createdTime>
<commentInRDBMS><![CDATA[The driver hire rate of a truck that is determined by the truck class.]]></commentInRDBMS>
<ownerDesignName>monh_oraclemodel</ownerDesignName>
<engineerTo>
<item key="5A4D09F0-585E-C5A9-98D2-7CE22EAC4BDD" value="true"/>
</engineerTo>
<useDomainConstraints>false</useDomainConstraints>
<use>1</use>
<logicalDatatype>LOGDT019</logicalDatatype>
<dataTypePrecision>5</dataTypePrecision>
<dataTypeScale>2</dataTypeScale>
<ownDataTypeParameters>,5,2</ownDataTypeParameters>
</Attribute>
</attributes>
<identifiers itemClass="oracle.dbtools.crest.model.design.logical.CandidateKey">
<identifier id="61517356-BA45-42C4-2E03-0350745E0BC5" name="TRUCKCLASS PK">
<createdBy>Luigi</createdBy>
<createdTime>2022-09-11 12:06:40 UTC</createdTime>
<ownerDesignName>monh_oraclemodel</ownerDesignName>
<engineerTo>
<item key="5A4D09F0-585E-C5A9-98D2-7CE22EAC4BDD" value="true"/>
</engineerTo>
<pk>true</pk>
<newElementsIDs>CABBB479-97B7-6B91-DB61-CEF9122C88E0</newElementsIDs>
<usedAttributes>
<attributeRef>CABBB479-97B7-6B91-DB61-CEF9122C88E0</attributeRef>
</usedAttributes>
</identifier>
</identifiers>
</Entity>
