<?xml version = '1.0' encoding = 'UTF-8'?>
<Entity class="oracle.dbtools.crest.model.design.logical.Entity" directorySegmentName="seg_0" id="A428E56D-23DA-1D48-6D43-2DFFA3033214" name="TRUCKCLASS">
<createdBy>Luigi</createdBy>
<createdTime>2022-09-11 12:05:55 UTC</createdTime>
<ownerDesignName>monh_oraclemodel</ownerDesignName>
<engineerTo>
<item key="5A4D09F0-585E-C5A9-98D2-7CE22EAC4BDD" value="true"/>
</engineerTo>
<adequatelyNormalized>NO</adequatelyNormalized>
<expectedVolumes>0</expectedVolumes>
<fwdEngineeringStrategyName>Single Table</fwdEngineeringStrategyName>
<growthPercent>0</growthPercent>
<growthType>Year</growthType>
<maxVolumes>9999999</maxVolumes>
<minVolumes>0</minVolumes>
<normalForm>Third</normalForm>
<attributes itemClass="oracle.dbtools.crest.model.design.logical.Attribute">
<Attribute name="trckclass_id" id="6F5D825A-9152-F686-7AD6-92CDAF4F0472">
<createdBy>josh</createdBy>
<createdTime>2022-09-14 03:58:11 UTC</createdTime>
<commentInRDBMS><![CDATA[the truck class's id (surrogate primary key)]]></commentInRDBMS>
<ownerDesignName>monh_oraclemodel</ownerDesignName>
<engineerTo>
<item key="5A4D09F0-585E-C5A9-98D2-7CE22EAC4BDD" value="true"/>
</engineerTo>
<useDomainConstraints>false</useDomainConstraints>
<use>1</use>
<logicalDatatype>LOGDT019</logicalDatatype>
<dataTypePrecision>4</dataTypePrecision>
<ownDataTypeParameters>,4,</ownDataTypeParameters>
</Attribute>
<Attribute name="trkclass_daily_hire_rate" id="0518AA91-DBF1-348C-F963-066954466B0D">
<createdBy>Luigi</createdBy>
<createdTime>2022-09-11 12:10:20 UTC</createdTime>
<commentInRDBMS><![CDATA[The daily hire rate of a truck that is determined by the truck class.]]></commentInRDBMS>
<ownerDesignName>monh_oraclemodel</ownerDesignName>
<engineerTo>
<item key="5A4D09F0-585E-C5A9-98D2-7CE22EAC4BDD" value="true"/>
</engineerTo>
<useDomainConstraints>false</useDomainConstraints>
<use>1</use>
<logicalDatatype>LOGDT019</logicalDatatype>
<dataTypePrecision>5</dataTypePrecision>
<dataTypeScale>2</dataTypeScale>
<ownDataTypeParameters>,5,2</ownDataTypeParameters>
</Attribute>
<Attribute name="trkclass_driver_hire_rate" id="DFDC558C-6171-3986-695E-EE17A0057535">
<createdBy>Luigi</createdBy>
<createdTime>2022-09-11 12:12:17 UTC</createdTime>
<commentInRDBMS><![CDATA[The driver hire rate of a truck that is determined by the truck class.]]></commentInRDBMS>
<ownerDesignName>monh_oraclemodel</ownerDesignName>
<engineerTo>
<item key="5A4D09F0-585E-C5A9-98D2-7CE22EAC4BDD" value="true"/>
</engineerTo>
<useDomainConstraints>false</useDomainConstraints>
<use>1</use>
<logicalDatatype>LOGDT019</logicalDatatype>
<dataTypePrecision>5</dataTypePrecision>
<dataTypeScale>2</dataTypeScale>
<ownDataTypeParameters>,5,2</ownDataTypeParameters>
</Attribute>
</attributes>
<identifiers itemClass="oracle.dbtools.crest.model.design.logical.CandidateKey">
<identifier id="61517356-BA45-42C4-2E03-0350745E0BC5" name="TRUCKCLASS PK">
<createdBy>Luigi</createdBy>
<createdTime>2022-09-11 12:06:40 UTC</createdTime>
<ownerDesignName>monh_oraclemodel</ownerDesignName>
<engineerTo>
<item key="5A4D09F0-585E-C5A9-98D2-7CE22EAC4BDD" value="true"/>
</engineerTo>
<pk>true</pk>
<newElementsIDs>6F5D825A-9152-F686-7AD6-92CDAF4F0472</newElementsIDs>
<usedAttributes>
<attributeRef>6F5D825A-9152-F686-7AD6-92CDAF4F0472</attributeRef>
</usedAttributes>
</identifier>
<identifier id="4DDB6AD5-0D4F-85C0-8CA0-9E2E168250EA" name="TRUCKCLASS_NK">
<createdBy>josh</createdBy>
<createdTime>2022-09-14 03:56:47 UTC</createdTime>
<ownerDesignName>monh_oraclemodel</ownerDesignName>
<engineerTo>
<item key="5A4D09F0-585E-C5A9-98D2-7CE22EAC4BDD" value="true"/>
</engineerTo>
<newElementsIDs>D3B417B2-5C4F-1C3E-33E3-DD4EE159B681,33AE4ED6-14D6-BF76-B84B-485004D5CBA8</newElementsIDs>
</identifier>
</identifiers>
</Entity>
