<?xml version = '1.0' encoding = 'UTF-8'?>
<Entity class="oracle.dbtools.crest.model.design.logical.Entity" directorySegmentName="seg_0" id="A5A52278-88F0-DDE7-AFB2-D5D429C68B14" name="TRAILER">
<createdBy>Luigi</createdBy>
<createdTime>2022-09-11 10:35:38 UTC</createdTime>
<ownerDesignName>monh_oraclemodel</ownerDesignName>
<engineerTo>
<item key="5A4D09F0-585E-C5A9-98D2-7CE22EAC4BDD" value="true"/>
</engineerTo>
<adequatelyNormalized>NO</adequatelyNormalized>
<expectedVolumes>0</expectedVolumes>
<fwdEngineeringStrategyName>Single Table</fwdEngineeringStrategyName>
<growthPercent>0</growthPercent>
<growthType>Year</growthType>
<maxVolumes>9999999</maxVolumes>
<minVolumes>0</minVolumes>
<normalForm>Third</normalForm>
<attributes itemClass="oracle.dbtools.crest.model.design.logical.Attribute">
<Attribute name="trailer_code" id="3F606052-6791-C358-8C28-71F8CBCF0734">
<createdBy>Luigi</createdBy>
<createdTime>2022-09-11 10:35:44 UTC</createdTime>
<commentInRDBMS><![CDATA[The unique five-character-code identifier for the trailer.]]></commentInRDBMS>
<ownerDesignName>monh_oraclemodel</ownerDesignName>
<engineerTo>
<item key="5A4D09F0-585E-C5A9-98D2-7CE22EAC4BDD" value="true"/>
</engineerTo>
<useDomainConstraints>false</useDomainConstraints>
<use>1</use>
<logicalDatatype>LOGDT025</logicalDatatype>
<dataTypeSize>5</dataTypeSize>
<ownDataTypeParameters>5,,</ownDataTypeParameters>
</Attribute>
<Attribute name="trailer_purchase_cost" id="8C31E883-F244-5400-D3AB-599C79AF398C">
<createdBy>Luigi</createdBy>
<createdTime>2022-09-11 10:36:34 UTC</createdTime>
<commentInRDBMS><![CDATA[The dollar cost of purchase for the trailer.]]></commentInRDBMS>
<ownerDesignName>monh_oraclemodel</ownerDesignName>
<engineerTo>
<item key="5A4D09F0-585E-C5A9-98D2-7CE22EAC4BDD" value="true"/>
</engineerTo>
<useDomainConstraints>false</useDomainConstraints>
<use>1</use>
<logicalDatatype>LOGDT019</logicalDatatype>
<dataTypePrecision>8</dataTypePrecision>
<dataTypeScale>2</dataTypeScale>
<ownDataTypeParameters>,8,2</ownDataTypeParameters>
</Attribute>
<Attribute name="trailer_purchase_date" id="ACFF594A-3DE7-AF81-93C9-24F149102D65">
<createdBy>Luigi</createdBy>
<createdTime>2022-09-11 10:37:12 UTC</createdTime>
<commentInRDBMS><![CDATA[The date on which the trailer was purchased.]]></commentInRDBMS>
<ownerDesignName>monh_oraclemodel</ownerDesignName>
<engineerTo>
<item key="5A4D09F0-585E-C5A9-98D2-7CE22EAC4BDD" value="true"/>
</engineerTo>
<useDomainConstraints>false</useDomainConstraints>
<use>1</use>
<logicalDatatype>LOGDT007</logicalDatatype>
<ownDataTypeParameters>,,</ownDataTypeParameters>
</Attribute>
<Attribute name="trailer_load_cap" id="520F8819-1B96-37AC-0274-141E40E87E90">
<createdBy>Luigi</createdBy>
<createdTime>2022-09-13 06:54:51 UTC</createdTime>
<commentInRDBMS><![CDATA[The load capacitiy (in kilograms) of the trailer.]]></commentInRDBMS>
<ownerDesignName>monh_oraclemodel</ownerDesignName>
<engineerTo>
<item key="5A4D09F0-585E-C5A9-98D2-7CE22EAC4BDD" value="true"/>
</engineerTo>
<useDomainConstraints>false</useDomainConstraints>
<use>1</use>
<logicalDatatype>LOGDT019</logicalDatatype>
<dataTypePrecision>5</dataTypePrecision>
<ownDataTypeParameters>,5,</ownDataTypeParameters>
</Attribute>
<Attribute name="trailer_dimensions" id="D5A9E655-1BF2-EEDF-A42A-61BB5967D692">
<createdBy>Luigi</createdBy>
<createdTime>2022-09-13 06:56:35 UTC</createdTime>
<commentInRDBMS><![CDATA[The dimensions (LxW) (in metres) of the trailer.]]></commentInRDBMS>
<ownerDesignName>monh_oraclemodel</ownerDesignName>
<engineerTo>
<item key="5A4D09F0-585E-C5A9-98D2-7CE22EAC4BDD" value="true"/>
</engineerTo>
<useDomainConstraints>false</useDomainConstraints>
<use>1</use>
<logicalDatatype>LOGDT025</logicalDatatype>
<dataTypeSize>11</dataTypeSize>
<ownDataTypeParameters>11,,</ownDataTypeParameters>
</Attribute>
<Attribute name="trailclass_code" id="359EEF69-43CA-0D69-FE15-F616EAB860B7">
<createdBy>Luigi</createdBy>
<createdTime>2022-09-15 02:52:38 UTC</createdTime>
<commentInRDBMS><![CDATA[The unique code of the trailer class.]]></commentInRDBMS>
<generatorID>5A1807EF-8479-5FAE-39CB-59783D466F19</generatorID>
<ownerDesignName>monh_oraclemodel</ownerDesignName>
<engineerTo>
<item key="5A4D09F0-585E-C5A9-98D2-7CE22EAC4BDD" value="true"/>
</engineerTo>
<referedAttribute>73E09BC1-5437-928A-0603-5CEA57B5DF27</referedAttribute>
<useDomainConstraints>false</useDomainConstraints>
<use>1</use>
<logicalDatatype>LOGDT024</logicalDatatype>
<dataTypeSize>3</dataTypeSize>
<ownDataTypeParameters>,,</ownDataTypeParameters>
</Attribute>
</attributes>
<identifiers itemClass="oracle.dbtools.crest.model.design.logical.CandidateKey">
<identifier id="7482EFB5-5EA4-2E9E-A044-3A4ACD5FC5F0" name="TRAILER PK">
<createdBy>Luigi</createdBy>
<createdTime>2022-09-11 10:36:02 UTC</createdTime>
<ownerDesignName>monh_oraclemodel</ownerDesignName>
<engineerTo>
<item key="5A4D09F0-585E-C5A9-98D2-7CE22EAC4BDD" value="true"/>
</engineerTo>
<pk>true</pk>
<usedAttributes>
<attributeRef>3F606052-6791-C358-8C28-71F8CBCF0734</attributeRef>
</usedAttributes>
</identifier>
</identifiers>
</Entity>
