<?xml version = '1.0' encoding = 'UTF-8'?>
<Entity class="oracle.dbtools.crest.model.design.logical.Entity" directorySegmentName="seg_0" id="C6EDEB3C-7A78-2DA6-95CA-705CCA1902A5" name="TRAILERTYPE">
<createdBy>Luigi</createdBy>
<createdTime>2022-09-13 13:01:16 UTC</createdTime>
<ownerDesignName>monh_oraclemodel</ownerDesignName>
<engineerTo>
<item key="5A4D09F0-585E-C5A9-98D2-7CE22EAC4BDD" value="true"/>
</engineerTo>
<adequatelyNormalized>NO</adequatelyNormalized>
<expectedVolumes>0</expectedVolumes>
<fwdEngineeringStrategyName>Single Table</fwdEngineeringStrategyName>
<growthPercent>0</growthPercent>
<growthType>Year</growthType>
<maxVolumes>9999999</maxVolumes>
<minVolumes>0</minVolumes>
<normalForm>Third</normalForm>
<attributes itemClass="oracle.dbtools.crest.model.design.logical.Attribute">
<Attribute name="trailtype_id" id="D61AAF08-680E-CC40-FB3D-E6B578175DF5">
<createdBy>josh</createdBy>
<createdTime>2022-09-14 05:40:44 UTC</createdTime>
<commentInRDBMS><![CDATA[the id of the trailer type (surrogate primary key)]]></commentInRDBMS>
<ownerDesignName>monh_oraclemodel</ownerDesignName>
<engineerTo>
<item key="5A4D09F0-585E-C5A9-98D2-7CE22EAC4BDD" value="true"/>
</engineerTo>
<useDomainConstraints>false</useDomainConstraints>
<use>1</use>
<logicalDatatype>LOGDT019</logicalDatatype>
<dataTypePrecision>4</dataTypePrecision>
<ownDataTypeParameters>,4,</ownDataTypeParameters>
</Attribute>
<Attribute name="manufacturer_id" id="A693B434-B02D-E21F-FFF7-89073E99ECFB">
<createdBy>Luigi</createdBy>
<createdTime>2022-09-14 05:26:17 UTC</createdTime>
<commentInRDBMS><![CDATA[the manufacturer's id]]></commentInRDBMS>
<generatorID>279D50A4-DBDC-0F16-1591-38F4105FD0AC</generatorID>
<ownerDesignName>monh_oraclemodel</ownerDesignName>
<engineerTo>
<item key="5A4D09F0-585E-C5A9-98D2-7CE22EAC4BDD" value="true"/>
</engineerTo>
<referedAttribute>53D1E4AD-11C2-9CB0-CF1E-FD1C33C69C77</referedAttribute>
<useDomainConstraints>false</useDomainConstraints>
<use>1</use>
<logicalDatatype>LOGDT019</logicalDatatype>
<dataTypePrecision>4</dataTypePrecision>
<ownDataTypeParameters>,4,</ownDataTypeParameters>
</Attribute>
<Attribute name="trailmodel_id" id="E5BE4072-65BF-E23F-C554-6E951A67628D">
<createdBy>Luigi</createdBy>
<createdTime>2022-09-14 05:26:43 UTC</createdTime>
<commentInRDBMS><![CDATA[the trailer model's id]]></commentInRDBMS>
<generatorID>F24F691B-E35A-F076-169E-C9B0338E9284</generatorID>
<ownerDesignName>monh_oraclemodel</ownerDesignName>
<engineerTo>
<item key="5A4D09F0-585E-C5A9-98D2-7CE22EAC4BDD" value="true"/>
</engineerTo>
<referedAttribute>4537933E-F024-7256-8C4E-D40A9837E858</referedAttribute>
<useDomainConstraints>false</useDomainConstraints>
<use>1</use>
<logicalDatatype>LOGDT019</logicalDatatype>
<dataTypePrecision>4</dataTypePrecision>
<ownDataTypeParameters>,4,</ownDataTypeParameters>
</Attribute>
<Attribute name="trailclass_id" id="8F2E2597-0D00-99D7-A406-F737112FD23B">
<createdBy>Luigi</createdBy>
<createdTime>2022-09-14 05:27:11 UTC</createdTime>
<commentInRDBMS><![CDATA[the id of the trailer's class (surrogate primary key)]]></commentInRDBMS>
<generatorID>9A7D1B91-D7C7-BA95-9DEB-E5F1E78C10E0</generatorID>
<ownerDesignName>monh_oraclemodel</ownerDesignName>
<engineerTo>
<item key="5A4D09F0-585E-C5A9-98D2-7CE22EAC4BDD" value="true"/>
</engineerTo>
<referedAttribute>60646F99-4EC0-CF02-492F-2B6F2FAD8D6C</referedAttribute>
<useDomainConstraints>false</useDomainConstraints>
<use>1</use>
<logicalDatatype>LOGDT019</logicalDatatype>
<dataTypePrecision>4</dataTypePrecision>
<ownDataTypeParameters>,4,</ownDataTypeParameters>
</Attribute>
</attributes>
<identifiers itemClass="oracle.dbtools.crest.model.design.logical.CandidateKey">
<identifier id="9A4E6EE7-5067-EA23-908D-CD1284D8951E" name="TRAILERTYPE PK">
<createdBy>Luigi</createdBy>
<createdTime>2022-09-14 05:27:35 UTC</createdTime>
<ownerDesignName>monh_oraclemodel</ownerDesignName>
<engineerTo>
<item key="5A4D09F0-585E-C5A9-98D2-7CE22EAC4BDD" value="true"/>
</engineerTo>
<pk>true</pk>
<newElementsIDs>D61AAF08-680E-CC40-FB3D-E6B578175DF5</newElementsIDs>
<usedAttributes>
<attributeRef>D61AAF08-680E-CC40-FB3D-E6B578175DF5</attributeRef>
</usedAttributes>
</identifier>
<identifier id="241CEFA9-5829-3D61-91D1-C3619F9117B6" name="TRAILERTYPE_NK">
<createdBy>Luigi</createdBy>
<createdTime>2022-09-14 06:54:06 UTC</createdTime>
<ownerDesignName>monh_oraclemodel</ownerDesignName>
<engineerTo>
<item key="5A4D09F0-585E-C5A9-98D2-7CE22EAC4BDD" value="true"/>
</engineerTo>
<newElementsIDs>A693B434-B02D-E21F-FFF7-89073E99ECFB,E5BE4072-65BF-E23F-C554-6E951A67628D</newElementsIDs>
<usedAttributes>
<attributeRef>A693B434-B02D-E21F-FFF7-89073E99ECFB</attributeRef>
<attributeRef>E5BE4072-65BF-E23F-C554-6E951A67628D</attributeRef>
</usedAttributes>
</identifier>
</identifiers>
</Entity>
