<?xml version = '1.0' encoding = 'UTF-8'?>
<Entity class="oracle.dbtools.crest.model.design.logical.Entity" directorySegmentName="seg_0" id="CE52C530-A23E-F676-6D38-3C2EF8340EA6" name="MANUFACTURER">
<createdBy>josh</createdBy>
<createdTime>2022-09-14 02:51:10 UTC</createdTime>
<ownerDesignName>monh_oraclemodel</ownerDesignName>
<engineerTo>
<item key="5A4D09F0-585E-C5A9-98D2-7CE22EAC4BDD" value="true"/>
</engineerTo>
<adequatelyNormalized>NO</adequatelyNormalized>
<expectedVolumes>0</expectedVolumes>
<fwdEngineeringStrategyName>Single Table</fwdEngineeringStrategyName>
<growthPercent>0</growthPercent>
<growthType>Year</growthType>
<maxVolumes>9999999</maxVolumes>
<minVolumes>0</minVolumes>
<normalForm>Third</normalForm>
<attributes itemClass="oracle.dbtools.crest.model.design.logical.Attribute">
<Attribute name="manufacturer_id" id="53D1E4AD-11C2-9CB0-CF1E-FD1C33C69C77">
<createdBy>josh</createdBy>
<createdTime>2022-09-14 02:53:00 UTC</createdTime>
<commentInRDBMS><![CDATA[The unique identifier of the trailer manufacturer.]]></commentInRDBMS>
<ownerDesignName>monh_oraclemodel</ownerDesignName>
<engineerTo>
<item key="5A4D09F0-585E-C5A9-98D2-7CE22EAC4BDD" value="true"/>
</engineerTo>
<useDomainConstraints>false</useDomainConstraints>
<use>1</use>
<logicalDatatype>LOGDT019</logicalDatatype>
<dataTypePrecision>4</dataTypePrecision>
<ownDataTypeParameters>,4,</ownDataTypeParameters>
</Attribute>
<Attribute name="manufacturer_name" id="775158E3-8219-D1FD-EF17-11DCF5305F5B">
<createdBy>josh</createdBy>
<createdTime>2022-09-14 02:55:03 UTC</createdTime>
<commentInRDBMS><![CDATA[The name of the trailer manufacturer.]]></commentInRDBMS>
<ownerDesignName>monh_oraclemodel</ownerDesignName>
<engineerTo>
<item key="5A4D09F0-585E-C5A9-98D2-7CE22EAC4BDD" value="true"/>
</engineerTo>
<useDomainConstraints>false</useDomainConstraints>
<use>1</use>
<logicalDatatype>LOGDT024</logicalDatatype>
<dataTypeSize>50</dataTypeSize>
<ownDataTypeParameters>50,,</ownDataTypeParameters>
</Attribute>
</attributes>
<identifiers itemClass="oracle.dbtools.crest.model.design.logical.CandidateKey">
<identifier id="FF0DD530-A310-BA46-3105-6F4D80F3B880" name="MANUFACTURER PK">
<createdBy>josh</createdBy>
<createdTime>2022-09-14 02:54:53 UTC</createdTime>
<ownerDesignName>monh_oraclemodel</ownerDesignName>
<engineerTo>
<item key="5A4D09F0-585E-C5A9-98D2-7CE22EAC4BDD" value="true"/>
</engineerTo>
<pk>true</pk>
<usedAttributes>
<attributeRef>53D1E4AD-11C2-9CB0-CF1E-FD1C33C69C77</attributeRef>
</usedAttributes>
</identifier>
</identifiers>
</Entity>
